-- MySQL dump 10.13  Distrib 8.0.18, for macos10.14 (x86_64)
--
-- Host: localhost    Database: mall
-- ------------------------------------------------------
-- Server version	8.0.18

/*!40101 SET @OLD_CHARACTER_SET_CLIENT=@@CHARACTER_SET_CLIENT */;
/*!40101 SET @OLD_CHARACTER_SET_RESULTS=@@CHARACTER_SET_RESULTS */;
/*!40101 SET @OLD_COLLATION_CONNECTION=@@COLLATION_CONNECTION */;
/*!50503 SET NAMES utf8mb4 */;
/*!40103 SET @OLD_TIME_ZONE=@@TIME_ZONE */;
/*!40103 SET TIME_ZONE='+00:00' */;
/*!40014 SET @OLD_UNIQUE_CHECKS=@@UNIQUE_CHECKS, UNIQUE_CHECKS=0 */;
/*!40014 SET @OLD_FOREIGN_KEY_CHECKS=@@FOREIGN_KEY_CHECKS, FOREIGN_KEY_CHECKS=0 */;
/*!40101 SET @OLD_SQL_MODE=@@SQL_MODE, SQL_MODE='NO_AUTO_VALUE_ON_ZERO' */;
/*!40111 SET @OLD_SQL_NOTES=@@SQL_NOTES, SQL_NOTES=0 */;

--
-- Table structure for table `attr_val`
--

DROP TABLE IF EXISTS `attr_val`;
/*!40101 SET @saved_cs_client     = @@character_set_client */;
/*!50503 SET character_set_client = utf8mb4 */;
CREATE TABLE `attr_val` (
  `id` int(11) NOT NULL AUTO_INCREMENT,
  `shop_id` int(11) DEFAULT NULL,
  `goods_id` int(11) DEFAULT NULL,
  `attr_id` int(11) DEFAULT NULL,
  `attr_value` varchar(200) DEFAULT NULL,
  PRIMARY KEY (`id`)
) ENGINE=InnoDB AUTO_INCREMENT=6 DEFAULT CHARSET=utf8;
/*!40101 SET character_set_client = @saved_cs_client */;

--
-- Dumping data for table `attr_val`
--

LOCK TABLES `attr_val` WRITE;
/*!40000 ALTER TABLE `attr_val` DISABLE KEYS */;
INSERT INTO `attr_val` VALUES (1,2,NULL,2,'耐克'),(2,2,NULL,2,'阿迪'),(3,2,NULL,3,'39'),(4,2,NULL,3,'40'),(5,2,NULL,3,'41');
/*!40000 ALTER TABLE `attr_val` ENABLE KEYS */;
UNLOCK TABLES;

--
-- Table structure for table `attribute`
--

DROP TABLE IF EXISTS `attribute`;
/*!40101 SET @saved_cs_client     = @@character_set_client */;
/*!50503 SET character_set_client = utf8mb4 */;
CREATE TABLE `attribute` (
  `id` int(11) NOT NULL AUTO_INCREMENT,
  `shop_id` int(11) DEFAULT NULL,
  `category_id` int(11) DEFAULT NULL,
  `attr_name` varchar(100) DEFAULT NULL,
  PRIMARY KEY (`id`)
) ENGINE=InnoDB AUTO_INCREMENT=5 DEFAULT CHARSET=utf8;
/*!40101 SET character_set_client = @saved_cs_client */;

--
-- Dumping data for table `attribute`
--

LOCK TABLES `attribute` WRITE;
/*!40000 ALTER TABLE `attribute` DISABLE KEYS */;
INSERT INTO `attribute` VALUES (2,2,12,'品牌'),(3,2,12,'尺码'),(4,2,12,'颜色');
/*!40000 ALTER TABLE `attribute` ENABLE KEYS */;
UNLOCK TABLES;

--
-- Table structure for table `category`
--

DROP TABLE IF EXISTS `category`;
/*!40101 SET @saved_cs_client     = @@character_set_client */;
/*!50503 SET character_set_client = utf8mb4 */;
CREATE TABLE `category` (
  `id` int(11) NOT NULL AUTO_INCREMENT,
  `uid` char(36) DEFAULT NULL,
  `name` varchar(200) DEFAULT NULL,
  `pid` int(11) DEFAULT NULL,
  `is_deleted` tinyint(1) DEFAULT NULL,
  PRIMARY KEY (`id`)
) ENGINE=InnoDB AUTO_INCREMENT=19 DEFAULT CHARSET=utf8mb4 COLLATE=utf8mb4_0900_ai_ci;
/*!40101 SET character_set_client = @saved_cs_client */;

--
-- Dumping data for table `category`
--

LOCK TABLES `category` WRITE;
/*!40000 ALTER TABLE `category` DISABLE KEYS */;
INSERT INTO `category` VALUES (1,'cedd86b6-a642-11ea-a551-345a26b20b20','Child1',6,1),(2,'e689c482-a642-11ea-a551-345a26b20b20','男鞋/運動/户外',6,0),(3,'f5a3de26-a642-11ea-a551-345a26b20b20','child1',1,1),(4,'ff222426-a642-11ea-a551-345a26b20b20','child2',1,1),(5,'09e4c102-a643-11ea-a551-345a26b20b20','grandchild1',4,1),(6,'c2e8974c-a6d3-11ea-a551-345a26b20b20','superroot',-999,0),(7,'6196c05e-a958-11ea-a551-345a26b20b20','child3',1,1),(8,'9d6a5796-a95b-11ea-a551-345a26b20b20','母嬰/玩具樂器/寵物生活',6,0),(9,'b451dbd2-a95b-11ea-a551-345a26b20b20','男裝/女裝/童裝/内衣',6,0),(10,'f59b3b56-a95b-11ea-a551-345a26b20b20','運動鞋包',2,0),(11,'fcde7946-a95b-11ea-a551-345a26b20b20','運動服飾',2,0),(12,'04c37904-a95c-11ea-a551-345a26b20b20','篮球鞋',10,0),(13,'0f3e6d9e-a95c-11ea-a551-345a26b20b20','BigType2',6,1),(14,'49704070-aa18-11ea-ada5-825d4a5ae777','T-shirt',11,0),(15,'69aa9408-aa18-11ea-ada5-825d4a5ae777','童車童床',8,0),(16,'7afe9380-aa18-11ea-ada5-825d4a5ae777','婴儿床',15,0),(17,'9dc4e586-aa18-11ea-ada5-825d4a5ae777','男裝',9,0),(18,'ab1a93a2-aa18-11ea-ada5-825d4a5ae777','休閑褲',17,0);
/*!40000 ALTER TABLE `category` ENABLE KEYS */;
UNLOCK TABLES;

--
-- Table structure for table `goods`
--

DROP TABLE IF EXISTS `goods`;
/*!40101 SET @saved_cs_client     = @@character_set_client */;
/*!50503 SET character_set_client = utf8mb4 */;
CREATE TABLE `goods` (
  `id` int(11) NOT NULL AUTO_INCREMENT,
  `shop_id` int(11) NOT NULL,
  `goodsname` varchar(500) DEFAULT NULL,
  `category_id` int(11) NOT NULL,
  `category_name` varchar(200) DEFAULT NULL,
  `banner_pic` longblob,
  `detail_pic` longblob,
  `buy_count` int(11) DEFAULT NULL,
  `buy_m_count` int(11) DEFAULT NULL,
  `price` float DEFAULT NULL,
  `promotional_price` float DEFAULT NULL,
  `is_agent` tinyint(4) DEFAULT NULL,
  `is_promotion` tinyint(4) DEFAULT NULL,
  `is_market` tinyint(4) DEFAULT NULL,
  `is_hot` tinyint(4) DEFAULT NULL,
  `is_new` tinyint(4) DEFAULT NULL,
  `is_index` tinyint(4) DEFAULT NULL,
  `group_buy_id` int(11) DEFAULT NULL,
  `quick_buy_id` int(11) DEFAULT NULL,
  `goods_des` varchar(200) DEFAULT NULL,
  `addtime` datetime DEFAULT NULL,
  `stock` int(11) DEFAULT NULL,
  `freight_tmlp_name` varchar(200) DEFAULT NULL,
  `freight_tmpl_id` int(11) DEFAULT NULL,
  PRIMARY KEY (`id`)
) ENGINE=InnoDB AUTO_INCREMENT=2 DEFAULT CHARSET=utf8;
/*!40101 SET character_set_client = @saved_cs_client */;

--
-- Dumping data for table `goods`
--

LOCK TABLES `goods` WRITE;
/*!40000 ALTER TABLE `goods` DISABLE KEYS */;
INSERT INTO `goods` VALUES (1,1,'qreqwer',12,'男鞋/運動/户外 運動鞋包 篮球鞋',_binary 'PNG\r\n\Z\n\0\0\0\rIHDR\0\0`\0\0\0\\0\0\0M\0\0iCCPkCGColorSpaceGenericRGB\0\08U]hU>sg#$\Sl4t?\r%\rV4\\6nI6\\"\d\\Θ\\83OEP|1\Ŀ (\\>/\n%\\ (>P苦\;3i\e\|\\{\g\蹪X-2\s=+WQ+]L6Ow[\C\{_\\\F qb\\U\vz?\Z\b\1@\/z\c\\s>~if\,\ӈUSj\\F1\_Mj\\\buݠp\amh\mçϙ>\a\\+5%\\Q\KF\km}\ۖ?\ޚ\D\\\!~\6\,\-\7\\SثŜvķ5Z\\;[\\rmS\\\\5\{yDyH\}r9\\|\\-ăFA\\\\Jj\Z\I.[/\]m\\K7\K\RDrYQO\-\\Q\\||6\r	(0\nMXd(@\\h2_f\<\:\\\_δ*d>\Z\e\\\c?~,7?& ك\^2I\q2\"y<M\d\\JlE^<7\3RE\9`3*L\\S׬,#\)]\_\\\,7Q\W\_\2\+j\\W\r\Z̻L\\lXswU\Zm\\љŉ\\q\\WF~ə\\]<Yo.FjVND\\,\'}(ƽ\}\}\}\}];˝\\.ps_\\j\\ZZ\{yg\kJ!#lr\6\Qa2\\'cBQ؁\/=c\\\.V\MUUT\p)VoM8A$Cd6T\W\\"O\RiS;S\AvmթnR\\c\}Y\:n\\r\wKғb\Z6*\舨\LhS\mZ\\\\2[.G?\\.⎴\0\#n\\\8\ڲ\H|\\\\\2x~\\\\s\-7;\\t\>@\0g|U\\\\0\0\0VeXIfMM\0*\0\0\0\0i\0\0\0\0\0\0\0\Z\0\0\0\0\0\0\0\0\0\0\0\0D\0\0\0\0\0\0`\0\0\0\0\0\0\0\\0\0\0\0ASCII\0\0\0Screenshot\\\0\0\iTXtXML:com.adobe.xmp\0\0\0\0\0<x:xmpmeta xmlns:x=\"adobe:ns:meta/\" x:xmptk=\"XMP Core 5.4.0\">\n   <rdf:RDF xmlns:rdf=\"http://www.w3.org/1999/02/22-rdf-syntax-ns#\">\n      <rdf:Description rdf:about=\"\"\n            xmlns:exif=\"http://ns.adobe.com/exif/1.0/\">\n         <exif:PixelXDimension>352</exif:PixelXDimension>\n         <exif:UserComment>Screenshot</exif:UserComment>\n         <exif:PixelYDimension>212</exif:PixelYDimension>\n      </rdf:Description>\n   </rdf:RDF>\n</x:xmpmeta>\n)VQp\0\0=\IDATx\]|T\\>遄\	K\ E *H\\Ч\ \.\\nH\"C蝄\Zj R\;auwl\o\\;\\7s9sf6\\\7}\\\\|\\<H\\Ү :\0\\\\;\"\\\,]&\ȕN\\\\\.\B?0%\'P\"i\\\TV-\nK\ȑҥK(<<&NH\Ǐ9s\RdΪv\ZN@L\/\\RP\i)+0,Gwq4\n-\\B\\\J\ފWFS\\x\\JNSXt.d@@:\\鴁uݝ@Ο6_K\\}\n|]\JٳgQz\(  z\\Ck֮Jg\ 4jܸ>co޼t\*\|e\ysv\\trN5Jp\IC갊|vޔL]Z\+w\MsEÇbl\O2B\ׯ\\S\֭iǎ\\\/\Iw\q\\[TB[Q\m\\\dS\)44>\E\/\B\\\g\\4e\7t\i\\Mt\Mݹ\\0JH<K~\!JJD\]Ul\\)8 I;\F\R\\"\ҁK)\\V=Gt\ZFPbO\S\QG[\}\y\\\r\ƻ:[\\t\\GOQ\t\Zum@[\SB\\/\\#GSN\\ki՚մr\*SdǋۦMZn-X\|<=zܩ\\4\)\\Rڮ\\\:BG|\t\8dͻ(Qu窤p\%XzLp3~/\ó/ \8dXy̵\+VJ\\\\\\RTT!_D\}X|yz\\lٲ\\\kR\֒Ҁi\\\*Zzd\?\ڰ?VD\'Kx\!r]\ׂ\vA\\rbDw\N#F7\x<(\Y\\\\\.ZJ۴\\飔:v\}\ɗ\}\!\ڽ.]\i3ZnAțR*ŧ\\+YT1[!_\Դ$\.N\\=R\/с%\\\)\]F\9I\nw\\0t>z<:-/@]Ww\\"2\\!B\\\\ѹs\($4.,\\SB\Z@[l{\\+ZF\(hꪌ\y\D\\Je+&l\'\\)(&9R+E{\\L5i\\\\Nv\O]\N(͟U\\A\\w߉u;~ܻp\\"Zz%M\sQ\+E\&͝3->\K\甩\\\x\f\ԩR\\\/SBUMM/|^\dƮ9ӓrT ui,y\s.;?\\\駟҄	h\\Ѳ򋍍\UD/z-̼;Sl\\Z6t0%^8\}F/4\\Np\\l\roO>ƽ!\Y\0\\ӡCGysC\\)<3\B\)\n*H%A2\Zй\ô\\dJe\EڳI)<hnD\1<P#\\rݿ<_\{P-i0\L\ip\ؖ `XLxiSSS\N%H<8lEy\&펦p\"\\\'*ɰ2\E3G)04׃QqZjQP\r4\$:\V\\\\\n.\\\\O96}\\I\@auQa\\9~Hi&\x_o\A \\ZlMcbqF\ʸ\\ӐwI\\\\[c\Ү]B/{\\cb\D\ }\\M\ϧ(\t,7\j#*\\<\2/w\{\\\o\\\Z}\Y~Q,\P\׶m\ܬ\Vv\W_}vEo\\\FD\\\QxX(>att<\\yҩI&4``\!ROQ\ЊG95|\Mq\mD\#\\\<)\͸%\"JR\n!\\1\ɺ\\|\٧;J)M#\Xp\	\n\n瞣3y\\\)YefĦ$#\)yF,B\\fƲ|R!*\K\\\\\߸\JWr_7\\\jkOn\\N\17&\'.\&LcǽM6/Fz\\_@G]N:Ep.]Zl֬?\\>`\] \{\Y&ni>\[YP̙L\.C+\\0;w\8\+\\\$W\a\r\e\4x\}\\(((\?{WA\\;rE|x\\9v1*\kC\\7Ckx4Q|r,E*oaWiy\pv2%\_ 4U\\X{\V\<\"\p/F\0\3\\=F-G?6(bŊ\x\b\030H{\ݪ\J7\\H\e^\r\\sMɶڀ?}X\ɟZ\\\\W^\\!PoР\\\OѬY3\*UˋL%Jd^ǖ&&\ܔ$\=\ғKD#\\MN\\;J\0lY7\PƷ8\fgξ\\G\xw@	\\\\\\ZA|\'8$H| \\\<\#\ےH\~M7\Oe+-\rJ\'.\\3\SjԲ\zM@\ncŎ\\$\\x\<\\rC\l5V?gϦjժQ2eeM8!\\Gd1\Jw׃8\Jk\073	w`.K\E\0\\\'\H{u[\iR\(\BfL-^\\\3HW_\\tS\\j*R߮]{n\\\	g\\\"_S/޻\\\ U\\kXx\FeV\ӳv79\1)+\z)5\Gx\gӗ\Rt\w?\/\\03\<\\\\\6_udG#\"3|ϻ\\#|\\\\\\\\]S+Kז\*ߜ\dG,\\Cm6\\*|\'N\\Z\\	\\0>W[rP=i_\\/\\M\,{\\ɇy?v\v\\#\\\Ǭt«(\"p|\\Wj\Ubɢ:9\\\(N	\W\\5>&Vq2Hz\eŨ\Fk\"( G=\"\3(LW\"\o([j{EgP\REE\P\\\(\ \\pQVUEP؟zSۢ(>Ou*(?\EP|\n\3g2\2\ZUEP\:Q(o\j(~t6AP|%`\\7\ZP\0%`?\Dm\"&J\o\"J~Љ\E@\MpZ5Xb^kUz\x\\^+//\n\r&Sxxxj˖-C*U\yUO`@ \"ju#\\0iOe\0S\֭),,\i\nJ.\4jEx{\_vh\>	\{۶7\K\\J{͛7*x(QDIV-\\\Z7iB\RJe\nˍk.ԩS\' jѢ|<iS2eQ\FTv\\TsŘ\\=\\Q\\ݻQǎ%~4hРL\rc\g@[\\\QZZ*;v̒ԿnV*޶\۳\0LN={vg+\\SlYڰ~YVԛ\\J\ \V\Z<y\o~x\\'\s=-&̥KI=*#Gd\z\ZW\۷0֮[gSV\\\qԬY3Y\ÏWrej׾=\\t\\i\rs\!l\rڹs\'/_ZlN\nZf-\ڵ\VnhX(\\ݛJ(N.]\r6Rtt-\\MÆ\rjժRNBdb3g.%%%I\"CRnjj*\\p_D	\ٳ\'벆4iL\\)ܶ\Tb\n`GA6n\իW\хi!q\\aGjq\\~\n8qR\4h@u\ԑx\߬G\UR\Z5jDE\i\\M\\\r%z׮]\=}cbbi\;\\S\\9\ƖqRR2maL\R\\,\'N0(>\re˖U\Z\ZJ\ΝYfQ(X\/A\T-ïnfk/X@tQ5m\Tڈ[l\1Ҕ&M,\\עER>}觟~\z΋Ks\\l!\\уΜ9\e\\'#ؽ{7\RIgϲk:P\FǴ\\\@pp0>|Dʃ\k\\t\\7[$88D\\\b\`د__\_3\Q~\\\:GDDPb\ھ}[^:t͝;8V\-R\\K?\3ş\Ç\z\\ԩ-mB\f\\8-A)))b\\n.soV,_N\[4\={}kn7&YfөS\\\XE\ћF͚{\\\q\\Y]\զM*W.\{[\\=\\_~9)S\\˗\L\'\\E/L\B19apP %J\*K\l9q|AL>u\\\]rt\"ɍ\\JaN\wE\M6͛6\Ka^=%G*\\\\\r\رC&\ݻK|pp\܂\]i\ʕL)\+o\>[.\cbbdBIOOn\\9x\!\e6oޜ_\\\*&\ۭ\x1\\\[\dr\\I\\\\[h1&\%2aU\\IH\B\\0\'\\5\t\\M\ڵ\`06}`C@R\ܱc\'(P\Z7nB\ \\A\#\>X\ڵ\v$3qREЌ mXX8\n\PpP\WUm\&\\`7\\ UVӡC\\6,\v\c[m4\{\G@B\nʄ|x\o\\NɄn3\\	y\L\Mť \\1^\^`L\ݻۼ(\q\\\ځp-e\\7-yb\\u\\Q\\\gɪ$cE\\j\F\\X[j`	\CX?#04;n\z\\9B~Xx|*K{px\U\\',S1X1`\\i\5M^4X	\a@A.\\Hd\7\\\\\!wex\Aw\5{\l\nٲ%E䏠RL\?<\f\ῴn-YDH\\\"0iBOX\\\+V\\\%/l4!\Xۙd`X>D>=.\\\x\\#\\\Lp\kV\n@F\`\\\?%y\f馛HADp!\_~d?p`?\v\\0*1a\K\ҥKmmʕ+ѢE$즛ډEg0`\|3H	+	>&&fl\?\#蟒%K\:3\b\v\\\n\mCh&\z\\J.)\\\tɲw\^\\VRY\:u\\\^͑;Ӑ!C\_W\	+	\EۍX\>t\\\>;w\1l\gu\D+U6\?}LF-Z\r\4\\\<O\\\ǫl\B0I:X\A0̙c`1ΰ\\'@\f\lL\\}X\ww9*\K\8@\\\/[n\,\\r\ѳ)|,\L\0\kLL,CEy\ׯ,	偿.^DSLGX\\D\0,V0,pX(\\\9\\dI&$ё\֪<8\2\aå/_>I\m\\bHh9,\\\|\V0iyR1cykKK\c7f!^Cry\\3n\rk=($7.)|\\\rl\%\!\#G\aeb\"pG\5\a\a2k\\dﾽ(\/pr\\Y!_ex\\el,:# y\{XaMՄ\pitA8p`%\\ne`\F\\\>dn%nbb\{a$M}\=siO,\b\\	v@\n\s\|F\WǸ\Z&=,g#		;@5\\8\\\E\ʚ\UV<\u\n@B\yY#\Wh\\mఌ08\>]Fo\\0	ڶm+_A[4 #\\Y%UH֢]4\g\& *,\Ο?/֩^s4 f,!!x	H4\KZXf\\\\~=\uרQS5\lLpIHH՜f1\c\n\Jz\t6iWcd\Arpa\k/ƢOM\\\jV\\&\\\\k\\\*F?\\`\"\F\r&F,O?m\4ި%X\\3}:\\,bi\0]m\>\\\5\\u\_߲e\\'Xf\e\\\\A L\\-ZaUA}l\\dox1eQT\Ly\\\\/핁	U`\ X\9\_*6 e/=\\\n\,\\\xX 0G_V\\bYg,WŪVltuIa+E>bg69ٸIcq?4j\X,/J҃\4\\bA>}P\e/\\^`tf%Qf\rظqMe,a\\\s*ʱ\ݬUj+%\\J#\x[Ǫ[Al1Z~R(\\n7\K<yL\\賉\	 p!`\\\21\\r[ٿM2c\\'\\n>\k\ Y\\\7,{\`\\+\d\Z/\0}C\d\j!:z\\UD \\gXƏໄ\\a9\\B@\n\Lte\!!#\֭[\\\\6\2p\\2\\@,B\\\Vꆅ\rSiɒ\o۶XXb:#`,OA\0\\\\?^T\zG\0:u\\P%,Ya[\\r\Z4\MfBTBE&\Xى9\|\Z\"\2	\\\&`q}=[D˦u\э7\\\\\Ξ=#\'@`8\ѦM+\\<I*|euaSu|Ju0@\'#&k#իWI\L&WLX=aԮ][kǊ\'V*(U4\I+h\00&\\-n1/c9c\0\w\\{\Yᄏu\\|뭷\X]f-\\0ڈ2\8e~#x%\ݱj\.\rٴ\\9\7\\G غ~\><\\n\`e=&&֦qlll8*\`\\\\*>u`$]] #:\EV+nΝ3vAP8Zp\>c&u\zlj Tt%\A$\6[\Q\=K6\r\\\WZͧ\"e\"Ƌ\?,,GL<G\ˋ\-2\3g}=pa`\\Rg\^\\\WƲ_S\=}\\rә3gQ\"O\~*2\\\\h\O>	\DV\~\o Hfܠ&I\Ƥn\G\'Oȩ=2Nr_0c5\PW,>@\\sbRݷoXpAJ\)\BV\a1\!pm9o\\\޼\\\;H\1\\g\\\8ɔŗ}~ܝj\k\EGoIrm PL\M1bXr\"X]b+Ǒ5r\2\YnlҘ4il~q$\\ֈ\Z=6TRx	k,t\,\\w\\M\@F1)\,0\a\\\8\Ď\r<;\8\\x\\.\yƉl\ܱ\\o]tΉ\y睄n72\G`\"\Nn\\\nI0xҏ\L\qaÆ\h&k\\\j\G\FVƫ8G\x3,j_6{q~oq8F\\\s\#`sA)R->~ƖCN\Y\tF\4\3^\rowZQ\Z0{\"\Jw(Xx\*/\\\c	\J̩&\ ?&g)\\khh[cKwDժUŪϊ|Q;\Jٲ\\r\8Ur˾άZe5\x\\L\\\9\\pgc;|L\yU#V\\/G\\2,ks@D8I`6Wg%\œW\x\r\rh\~\\*I\r+B\"\\Lܩn)<̦;y\\\\\|\\\q\fv]\ӛ\ku\rz\\s\N\B\\zCK>uh\!`#\\e\\\\"(\E 05\"(@\P\~[Pl#m\4\"(9C@	8ginE@Ppӌ\"\`\\IsV\VE@\=AK\*\"\E(\'({UE\'&d=^/E)\"@p\\\HIE@P ((	&SE\({Q-OP7Pv(M(P\6Z\"(n\"\&PLPo#\mD<E@P\D@	\M4\"(\F@	\ۈjy\"@i2E@P\\E@p%`7\d\"x%`o#\yV-\\S\'\WMU*yl-L\_m\?\\\Vo\\\/i\1\"#\"\ӯw\Z\yQd	jբEDF؊^rM7[\(\D@	8i\A\0oz\\\\Ҧ\[\x\\\\=v\x\T\\\F |{r\\0\\Ͽ\U\"??m\j>{ޖ\G\Ѧ\0Vx\\E\uk\-7luB\\'$Эwlv\\D;K\\\Z\\\<	ԡ\D\u\*f\@\=ɺKݛ\+Q\\/\gzx-\\ZB@}\Pg\\\\\\?\A\0D\\\YLtlqD\2\\3AZ\\\FntA|G\\\ɢt|\IJQ\\<h\\ȷ\n\\\\-\-\\L(/&##\\9Ik\\F	\][_\\6RL\\x\\66\8v<Nn\r\ٷ_/\\\p\c\\36Q>,d\x\Iw\\NH$r\	A\\҅ul\*B{ \SD	ڳg]ּz\?(O_|K)\Zb!MX/0IA\F@\\a\@\\\E~\z0\ Sm^ݹ\B\fm=^\JA\\BL\lH\?a=gN\C\\Z t\\c>\\~\Vp\\/# OB0G׽\\[4[k\\w\'Ґ{2\U\rW\\XCp4V\"R\"X\\N]zV&AH<\\{\$\/\*\rt y%߬z\\\\>\\X7\\r巙X[\\\GX&\\\>aX KHא\#׃3Wcr\/3\\2\\ɽt\\2zܫ\\|}\O\ސæ\\NŸP\kN$\\M\ZV1Vᢀwm6q=z\\\\X\\{ցl6\\ߐ	\\Ƿe\\\ش\9[c\\M@Lz\G\ G/o\8X\z	\02\\\\G\T~f[\\rK\Y㰙0\Қ\\n8\f%\M\[(6\[\\\\@w,hG\\\\\\\߷|\Z\{(^\n\"\0!_lz\d\Z|\N.8\\"0\'0\]\\\kG\\<Ӱ\\_|]j\J6\G\q\Wnk\\\&\#\\\Z5\ke\\B`bƅl\[-u8}\?\\>\]F`#\\w<.[A8fNH \r\_f̒3 \|\wV5\\w&ʽ\'_p{\\0|\oN{a\\ơ3\ۓz4o \Zfp\\J(F~\\n\c+#\xȝ(\\\0i\\?玟=J6wxl\\p\o\?\\]{}7L,\w\`\ڟ\\1	A8>VTI|ȶDn\݀\`ěe2\zm#\\?\\fʏS\rͱ0\|#q\:\kXI׊\\w|\u\b9q\0+\~ֱ\"p\SWy7\\'X\\\\\5a\\U\\(kW{?.ѥU\2\С\\\\\\\*\\UxpE@P#\QE WP\UxpE@P#\QE WP\UxpE@P#\QE WP\UxpE@P#\QE WP\UxpE@P#\QE WP\UxpE@P#\<Zc\#p\\\%*>Z>\i\"Jя\\nE@\A}\TeE@\\"\(`ʊ\"\(G?j+EP\NSE?P\~\V(\")v\\MV\r\n%`h\"QQQY%\xE\:t(S 2\"\Jy֤(@&\	}PPpV\>VRpEF7\\"J\\XE \0娢k\\\\\HoVtwߵ|\\q\!\9Kc\\Q8\\Y\\\\\g\p\\Yӻa\Z\L^g\\hk]\= ɓ\'SN|\\ZhA+V\eO(pdp\\\h\(((\Vɓ)\C\\\\͘1Ö\"00*WL-[0\\L/[A|\*\rⲒ\'NЅ[kZwʵ\\U}\iuyr <AK\*9@\\ƍ={\HI&\Z\Ih֠\g\\&\\_.]*\H\r\ZDk׮\iӦ\_|!\Hk>ֲpo~\\Qz\wh\\մa\7o=\\t\}\;\\m\(bˍ3WK\\"\YL8}\YI\fԨQ|qהm\ɗrdqCX4P\.^X\ybQٗ\*?nݺҘ2e\\W_}E\\\\":x\ <y\%)YQ\\7ߤB\nI͛7/Yu\f\&\\\lƾk.H#G\ӧO\$a͇pg\(~q\\rW\\0\\Dz\\\o\ݻ\7\|C\\əj^x1\y\T~}\Z<x0\۷\\s\є)S\\\'2\rFVx\o۶\~mz\(55^y\a\\\\\oF\z+͙3\nJKK\s\\\\o[\\svR/U\ܹS /\ծ];\\\\?	\{^zI`\'%%يߵk)\\\\;[nk\\r=\}v_p	\y饗\ԩS\>X\g\L^;\\\W0ou\\\Ds\\%	vD\\\Y\+g\+9DZ\Q\1chѢE\\\\cǎ\j>\\CBX.G!dl\\\{\Q\ΝK(A&LO?HCD/\n)u\Ёn\&!\Z\RXl\?Cf͚0{+\Ϗ>ԩS\\7\3\<#\Gr\J\G;\K駟\]\\B\\n*\\\\%\G}D\Ǥ\\[o\\\?Of͢[nE\\!\>|6mJCi_J\\'HF/\O<A7\|hΜ9#\\dWjU\u\sp\4\"`\x\\^\tQ/aI\Z9@Aͻ.]\_e\\?.$bV\Zm\\\rjժ\\\|%K\"EK\	\"߰\s\\e0`M9&e\n\SO=%w 2ȽQFbł\at!\AZx\k\n6VV)V\E<\\\\,\E~\	M6Ժuk*Wm\\\\R[>`o!\(\"\0W\0I&r؞w\\!\\̙3ma\\j֬\fJ(`Kgqe% \\nM,HX{\\\4\2}\\c	A\\\H#\-[laV7n,xAR2uDX\ gXĸ\$TJ[َn\M&;`E\o~\]wѯ*t\S7\\w\5\Wh\\"8{9K.-\\4lؐ@d+V\˗\Jsz!\:\X\X¨V3i۶XޣG}@X\X\\\|d#	n\UԀ5l\-J FX\ D0	>\$r\\ѣ\\\\\-\0)J\DS\R<@\0D\`\r\	)^x#\o\6IM;C\l\B5W.YXy&\\\A\\XV\ǉ\r:6\z={lrr]M9\F	W\\\\\ZR\i~VxL\"-\|_\CJJ\n\O8\h^>}\_y&ň\a(\\ٳty\\L6|\H\.\_\\\yVv%M\󒚫)=\\\\ۼys\͇g8\e86\v\\-\s\յk׮Ik\zzU\ԃ?\\b\\Vׁy~\\i\b9#$ɢgϞ\2՚mp\'t\\Q6qB駟\n)\XH$>\\\<\\\\#<\"z\Z]qE\\]\&T\_\mL\S\pY;Yu\#\0?KN DQM3G\Pa)\BegƐ)\\#.,9Gi\`^6\@\8a\0\6b-τ\_M\Zk8\ŋۂa0A\M3\m\P\\a\bR\7h[||\ \ߔk̓:oG`cUME{Ooo}\	gEG\\0N$mO6pWXOGX\8\"\0k!(k)ߺ\\\\n\VU\Yí\\i\Ig\\\X\q+ڑ 67߄pk\5\pN\)Z\1\J	*y\0^rCΪ5pq\,)BòTM $w\vU?&.p$ȇ:\wnʲ\[\\Mz6\7\\$8.\@U\t\c^vk!87da\\\\k\\9\cM\(a\4\\\H\(?\X\[\Xíe\\[\X\\\;K\*5\ٽ !\U@ŷW!x\\yFǑ¬u;Ϫ\7\\Z;iǕ٩\^\.^\o+\W:\14w{C\)\"\e((SE\({P-NPw\ch\\"鼆3^+\\R|}TUE@\/?5\"\C(Pg\"\_(WjkEP\\RUEP\\\(!\C*!\_QB@	؇:KUUB@	ؿS[(>u(\FP|%`\,UUP%`\Om\"J>\Y\"J՟\\ZE@\!}TUE@\/?5\"\C(Pg\"\_(WjkEP\\RUEP\\\(!\C*!\_QB@	؇:KUUB@	ؿS[(>u(\FP|%`\,UUP%`\Om\">\\Ӓ\iͺ\rt\`,XULjVfMS@@@\y\V\\tԦU\<S+\J9\Os_\\\xϓ~\&H\\Ǩt\]`23\/\dޱ}[[Rg\3~\\M\I	\\5}4z\\i\rU9C ((\o\44EҞ;\\1\.j٢)/^m\A1( 0nl\\\6oݺ^yc,%%%Q\mGE.Ѡ\oeJ\\\͵Z\nߨf>C\A<xM\\=Q\=\\C\\cޤ\\ӧp\B\IJ\J\觬U8?}\,PeȓS(22\a\\\(\$$$N(^C 44\ke]͂\\Ҩ-(11F\w7kԁU<-\\/\ٽ=p\\6W\\\\\l\%K\\҆M?\iނo\t߿Kޱ\ߧ\(Gy\̣CP\\"i\;P|l\le1\\\m\%z*\\G\\fӺ\rh[R\\Z\%n\\\\\_\\\q\;uhG\k\rQ\7j\GcR\\\\\O-\2\ts{\\\t$\(q\CM**\\;\Uk\ї}H%\}D\\rG\\dJIMu\Z4DAg\\\Q\\ٳ6\\\s\|O>C6\P\.%gdFFnP.\ڽla))r`\z\\7\6(2\"֬\@SbqL\*Y#5FBp\^غmXhUہ\n]:	K\_~]\z\{h\л\\\\N\FE\G\WH˖GڵmMoMg\nʖ\c^\'0\\M>|2\_\F\ޛ 95/\,XR\\Gzo\ǙJ]0\\أ\v\ԢyLi\9z\96\Zd@rQ\\\,F#\\=O\?\\u+S\eF`I2H1\\<\\B(771A@v\\+WX\7E\3}\eX\\M\WębŊ\\\e+V\Fe_qQzuZα\E-\n\߷|;N \?\'~T\\#zᙧi\\\`\:QByg\\\n?/_xr\6\\\̶Z=\\si\\\c]o:\\A,\L\S2\4F(;\\o\\;JK\Ob?.vhޔ\My)&\\/2v\\Eg\:{\|zgh\ǟ]˪_S|Mu*\k\p>s[V\ުesf\B))\\\se?2^2KI\VJ&-࿶\"S>=\s\l<͜=Ʊ//SdT\\#k|4Vp\)\л=|\-\\\1orAp\!4$Z4k*K|}\T\O\\r,ld\˩S\\\Y\\Y*T4n(^zm8yR\\	}f;fYd\q\\H\\V.\)\8\ZB\0?<\?\\F\6\{Xn\\\\qo\\\3\LoF\r\\\_72z\jr!>\n\S\\o9\r\9zx\}4\l\M6\\\Ltq35\	^\\g\\\˺ޟ\\G?\\}0\\S Qt\TĤO\'P\\lu G\j\PKN`\/\\'\I\\#Ry\\j\r\عKN8\i\n\Wu\\r`\rC\Z)|\g\u\\ \\ϦA\I\\bś\	\P\\7		\\/r\r?\\\^\8s\*\_¹\Gcss.6Eb9.	\n~a\\	\ccX\"du9JW\ț;g\\p7m\0Y\rCAOǮRĢ3)\"\"\\&#\\tٖYoH	XA#`%<\\+t\0~j\+o\\Ϗ\\H\/\\k?,y\W;ͯ#>`\1\_\"~\Fq)\}e0<,TҦ\իP\K@j1\#X\uJl(\\\w~!_\Z֯Go\K\7\Z_O	\\z\\U\N\&x=\E@P<G@	\s\4\"(^A@	\+0j!\"x\iE@PW`\BE@\%`\1\\"x%`(\"\9Jc9E@\\nJ^QQEs=\Ls(\"\(\({\PE+({F-DP\п\9fC9F;\\\\n\"\)J\"\\|5n@\nPLl!.l\W\WGBNP\	zWP \4\"(9A@	8\'\i^E@PrpӬ\"\%\yE@\J9\0O*\"s\UE (\\0<ͪ(@NP\	zWP \4\"(9A\`1c\0\0\0\0IENDB`',_binary 'PNG\r\n\Z\n\0\0\0\rIHDR\0\0\\0\0b\0\0\0\\"T\0\0iCCPkCGColorSpaceGenericRGB\0\08U]hU>sg#$\Sl4t?\r%\rV4\\6nI6\\"\d\\Θ\\83OEP|1\Ŀ (\\>/\n%\\ (>P苦\;3i\e\|\\{\g\蹪X-2\s=+WQ+]L6Ow[\C\{_\\\F qb\\U\vz?\Z\b\1@\/z\c\\s>~if\,\ӈUSj\\F1\_Mj\\\buݠp\amh\mçϙ>\a\\+5%\\Q\KF\km}\ۖ?\ޚ\D\\\!~\6\,\-\7\\SثŜvķ5Z\\;[\\rmS\\\\5\{yDyH\}r9\\|\\-ăFA\\\\Jj\Z\I.[/\]m\\K7\K\RDrYQO\-\\Q\\||6\r	(0\nMXd(@\\h2_f\<\:\\\_δ*d>\Z\e\\\c?~,7?& ك\^2I\q2\"y<M\d\\JlE^<7\3RE\9`3*L\\S׬,#\)]\_\\\,7Q\W\_\2\+j\\W\r\Z̻L\\lXswU\Zm\\љŉ\\q\\WF~ə\\]<Yo.FjVND\\,\'}(ƽ\}\}\}\}];˝\\.ps_\\j\\ZZ\{yg\kJ!#lr\6\Qa2\\'cBQ؁\/=c\\\.V\MUUT\p)VoM8A$Cd6T\W\\"O\RiS;S\AvmթnR\\c\}Y\:n\\r\wKғb\Z6*\舨\LhS\mZ\\\\2[.G?\\.⎴\0\#n\\\8\ڲ\H|\\\\\2x~\\\\s\-7;\\t\>@\0g|U\\\\0\0\0VeXIfMM\0*\0\0\0\0i\0\0\0\0\0\0\0\Z\0\0\0\0\0\0\0\0\0\0\0\0D\0\0\0\0\0\0Ѡ\0\0\0\0\0\0b\0\0\0\0ASCII\0\0\0Screenshot\J\0\0\iTXtXML:com.adobe.xmp\0\0\0\0\0<x:xmpmeta xmlns:x=\"adobe:ns:meta/\" x:xmptk=\"XMP Core 5.4.0\">\n   <rdf:RDF xmlns:rdf=\"http://www.w3.org/1999/02/22-rdf-syntax-ns#\">\n      <rdf:Description rdf:about=\"\"\n            xmlns:exif=\"http://ns.adobe.com/exif/1.0/\">\n         <exif:PixelXDimension>1233</exif:PixelXDimension>\n         <exif:UserComment>Screenshot</exif:UserComment>\n         <exif:PixelYDimension>610</exif:PixelYDimension>\n      </rdf:Description>\n   </rdf:RDF>\n</x:xmpmeta>\n9\0\0@\0IDATx\ŵ\N${hToo\{o{ZuJ[ZPZ@qw\\\n<uw\#9IHγ\;[k\\\ʞYf\\F\~2#`0F#`0F#\!mK\\`0F#`0F#`@Am\gHjq\5\رc\M\\g\tCrN뮻N\Z>|XZz\\\/ާ.F\[o4\3_feҨQږO=\\\sM\]0F#`0F#`>t4\<\\i\\VK\:Kli\\7)\*m\i̘1iȐi\*}\\\ѣ\*Fg\ز\.Fno$[s\5l\K[x\v馛W\\1\\>\؆{\\\\0F#`0F#`HiX_A\2bĈt\}\\UO\Z5\n)]w\\\\\};*n\%O\=\|\\;\>\x\>\wR3c\\+J5-`z\\'U\\\{7=\\S\\0F#`0F#``D[c5\K,fy\\o.0=\\,\\\\w\I\>\\)_i\r\-Wd_{\t\%G}-\iUVIs\12\\\\oI7\tS)c\\[o\{\\\\\#.\a\Y`\:묝f}\\\[o\ƍK\\pC\5t萴\ƛ$AxT=\\\/N\ǿ\g\ۧ+xM?\\\_NgqF>oW\q\\ty+\J+V\ZGY\J{뭷\\\P\/\i\\W/}D\\nOkz:\#J9-\Bo79\3\\N\\\Rn\\3mtz?\n\D\n\ҋ/uϜ0nŽ\ޛ.\\\FK/\^\qsG}\Kd#ްa\\\?Q\멧6\l\tذ\i\VM+B`\.;O{\O?Li\\sϕh\,̒^{\\t\wn`s\=/_\Gܜs̑v\y\t\	\'\/Ox@1$[n\\\'v\Yg\vlZ\;３ꪬ\ֵ\\+ӚkY\\\ܿ\\\lS\\y\g\\\:ݫ\=\\qiɥ*m晧\u<\3K[o\\O,0&\oǶ\1F#`0F#`@OY~\\\+XdCӕو\^\&o\0\D[0\@\\kf\\ꫯ\,\\\hqF˳A\\ˆ5Z\1\9\\\\\vi\\\\"-*\BS\c g}l3\xm\6	\\wߝl$#v\F\aih1.ah5X\\\4\lUW]-\\נgo\\Fm\v6\\]c묳N\Gxga\\w_\Z6tXmж\n.\\b@\P\N4K\2\\O}\\\smz\\3˶\;\*\bKߠ\sy	\}\Ũ4~\a\C=Q\!\GrE.`\{J# Ƽ\\;?\\P6^ې\+>l\rw\\_\\\@\\Z̙>\\6Y\\\.\\\8\\\',\}\\v\8<V[v\tR\*\\:\k`	\\sDz\i%\Z#`0F#`0FW\x\\-#\\\s\]\j-\\Z}\\\n<}\̆\"<0=c\8-=\\\yk\{\l\\\'\^@l%|2{F\{&n\l\\%\`\øu\\'\6a\r7ܰ\0&\\\P7\z0\cc\k|ɻ\ˋg-\\t\\\r7ܨxVa`	O;h\'xR1,\p\KG\\|\\\ꫯYf\8@\\;_!o\\#xE\E\\A\v\a\1|\|o\f:\S\\\_\3[t\E7\r\/W`s\9\L\_\ߵ\^[pC)FR<\\"0\n\r6c\0\S4w\}O\P|M\=\6\g\\S~J^x\\b\0*\K\\ߗn\\t\\'̆Z\){G.=ˠN\\\Ow\0\n\\\EI\g\\3o1\\h2F#`0F#`@_Ɩ\y\7o\8fM3\4S*lėfO+x\8\Lex\\^Fv\kmz\\0\\\J\㙅c\\,m\l\y\I\<\l1I%\\Rx\ZA<\@	C\rO|SF\'\/0\\\\3\\\\(\kLj»[E9\,ҋ/Th\cK\Q[TxV0ԱvĈًq6k\"\=\^bl%\8GGt`|#/X\p\9nx\qeY\zK6nQ=T_S\U?\l\\}\狈<\H<]B[\F\/4q\\mN\ja\\&z\W_ňT1H>\#`0F#`0}A`g}qn\&\\+\KI\b\\\\@klǃ0\49<\0Z蜮\}\\ܵW\\!w\%*^S\A7Ql3m\û\\\\#\HQ4\\kxcq?]\\(\P5\\\s\\S(Ϻwߩ\\\\"\ۛE\F!\\V[\@0\H\A\\0[tEӃ\\Lt\I\'^:-ϊ\\\SOK/d\Z\\\XHs\BCo\պnί[{\A<y>\}\5F#`0F#`,l\\\\غ׎0B\\\;\\\\ÅZ\>${a\`+&\a:\\?\\\-\1\n\$\=\̳\Y<VZiŢ+\C`\/Zj%G\[\?f~o:\\B\\qlI_|Z<\'&\*ȑg\\\"\6bś/\qnX<-x\rs˸=l\ēb{\)R\l=\\\5a\+q<\019G˸\3\\\G\b\\k3\ y\ǀ8/\\\9y\w+\G\7n\\*rh0F#`0F^#0\\Z\Ǥ\G\\o\(\\ٲ\"ڸ\J+\\\(&ki\[\-_\ė-\\+b\k=W\\g[`\VRm3\\q\|m\&8\\c\qv\K/XP\\\\4\z!t\رi=\(&\\D|lE턯Jmo\fH5[\r\D\ΛoQE\:\3\Ǉv\i\|\\\0ya`㺁\\\r?\0f\\CFB\\\(יb\n\\\J\\>\3o6^\-\l\d\(r묻Nl\$\\^`{hE\\0\\w\q\#`0F#`0=!0\\\.mݶwܸ[\\˳<IxG=\s\\YflĘ1C\%[pʗ-Q\Od\E/Ƙs\=|c\Z\s\+^v\ee[\\\\P~\\\\5%~\\OM;\}\x\K7^O~Fz-\dDn[\{W1}\\\^.[Gxraă\\p!\\m\i\[m\x\I?r\=\l\\n\\Z<\.\olkWIp\[/\<X<\朳\\7*]-\=5\Z\\\3\8\r6<t?\no\ц\\;7u\&xQo/x,+B=Wˋ7\jܸq\\#`0F#`0A`Q\\2m٫m\6R!\O(\G\n\8\3wq@\\\\\\ŖH\ե:\\y7\\w\ӪsJc\\\\;>\\\阿\:\De;(8L\x\\sr_8e+&Di\@!\\/W>\9\\\S\\*htЁ\\+,}u\,\x\5aݩ\3\\\պ>裏nGk~0F#`0F#P#\\u\d\0\|\\	\Q1_\v\l\D\"x[\\0\\\\Ola\\\k\\Qe;)\/?w]O4\\a}\U\>\C\K\t섳\\j9Ff/\\{ռu*k\'3P\\Z?܍w\B-X2\[Z\F#`0F#`hy\\\\<\\\\\\X>f\y\L\\\\\\n\4<o\\\0D]u3\\\0|0\\_\,%X\"o㜱Ew\ͷ\3\>\Lk\\~VKx9n\\e\u\^\\Q\\#`0F#`0F \"\k#Zr\#`0F#`0F&κF#`0F#`0F?؈\\,c0F#`0F#0mP]nw\#`0F#`0F?؈\\,c0F#`0F#0mP]nw\#`0F#`0F?9r\Y\#`0F#`0F\Z\6h.;j0F#`0F#\_lD\/r3F#`0F#`4؈6h.;j0F#`0F#\_\\\Z\#`0F#`0F\n-⚃\0F#`0F#`\/\\\_\,g0F#`0F#0hm\\\jw\#`0F#`0F؈\_\,g0F#`0F#0hm\\\jw\#`0F#`0F؈\_\,g0F#`0F#0hm\\\jw\#`0F#`0F؈\_\,g0F#`0F#0hm\\\jw\#`0F#`0F؈\_\,g0F#`0F#0hm\\\jw\#`0F#`0F؈\_\,g0F#`0F#0h6hz\\Z#`0F#`FX{\\\U\\\7\\٭6\$-\2i\48z뭷Ӹ\\Hgw\\0kz\و\V뮽F\^}\\q\?-u0F#`0F.0\r6,\\\^}Pt~\fJl~\Րf#\d\\>\]qյ\\\2\=Ҭ\Rv\q\\@\7\<iݵ\H\:KK\W_\j[+\#`0F#`\G\\-F\{\\\\\C?n͞==DG.\!\`2q0^x\e\\9\F\-9Z\ي+,\~n\\\3Ϥ\[@xꩧ\'\	]M\Giס<r\Z\\\,3Ϝnw{\0F#`0S[oi\]\-\S{b@Ð6לs\E\\;lS\Xg{Tշ\Xpx\\`پ\Z=ф\d\\\\ZWZ~ٴ\fy\g\\\\n{=\\Ƭm\+y;\\_4YZ\\n6\-^}\tN\8hTnF4\~y\>)E\\-O=\\0F#`0S{\s\Z\\\8\b\D{\\\\\5\ݐ\b\'=9nGѦ\\\"\"o<\\?*ii\?\3Ң,\\\\Z\jz\\g\M\\<ؚ\teܫ%^lf\P%#o|\{݌dd	j\\7Ҋ\\\\_>8\o=Eh\\H\e0F#`\\̳\Pu\\~\\\2j\m\f	)\\\\Ks\=g:\\ӣ=\j\\n\_:]q\\\K\oe\ok\8!BZpLLw\{:\KZ\l\~\-[iE^z\\t\\\\_N\q\\\'T\G&\q\쳧\_xai\+ގx?\^6\\\ollD>ǻ#`#Zw<H\\u\׾\\k\r\\~\\ v\\'\O<ո\!n\\!\\\\}\0\0RA2\\\`s\WI\\\\ӟ⎌~k\\ϵ-6ݨ\0iz\CH3쮸\D d\gt\}U\n0F\=לe\D\*\1rdz-/>\[\\\=\6kz\w\\\@ށN^\\rb3\\|\w\\\v<c0\ }\|\\I\\;\gfH3\8Cz\\\0\cdz\\\\V\F!g\Z#0\\4\@4z\|\c{\f\\\\O\'|Z\\s/L\gap84c>8\{h\gK\\pSAFL\\urܸ\\le-\i\\N\^C+\i\\\ڽ*\\wܝN;\\\\1Ǟ8 \\\1G\\\\\z풷muz?pO:\\b9\裏P;ZOc\>T05\RMd\XU:\&^6ta\\\&\\\vQH:\{\r\7䵍&bЎl\uYh嬴|~\\n3\hƲ\͖\m|q\η]1\0bd#}M\p0\>\/!Ca\\~z9\~\y\\\\/|\iĈY\K>K\\V\n;o_\駟M;\\4۬\\;\\\%\\۔+Z|\\\nVYWZq|0p\\\\H\wRw\-v\u\#y~\ʭ4\\\\0C\a\\z.O=\\\k\\Ȑ\r\.t\%T\8\r\o\CŲ\\\\K\\1F)X\6\_7\jI׈U\Sqf\V#\-ύ\cU\-\<_\\\!7\2\th\ـ\\C\\Юj1eȣ-+\\\%=kß\VO\O\\\\A\n/\[/ȇ2mz=ߏ?\\R|\\>=\\SJ:\r\\\<b\ҏ\{i\\&M.\\؏\W鳟\֮<\&\r=b\dN䯟m\\\\gh1ӟe\}O\\'\g?l\\\7u[>|X׼\\{\G?u7mK.X\n\-Ҍـqͮ\t\eW\s̑\\\2\_ʎ(\\=h\\\'\=w\)\:k^,P\d\\\\*\o/9z\EV^iU0_WR\zʉ{\\\\\0}B\0O)\@\\,c\7y\iǼs\С\\w\-l\#\6\\0<\<0ofZ9ux\V\e\\G5V]\\\,X|(\>\<\\鋟Tw\R~\qeQc\j\'|jy\!\o>;p\,\\\oCQ#鷊\F\y\\lDŻYkt6\"\qߑN?\ܴ\n;m~q\\߲\,6Z;[J0\V9\x~tb<_s\U\8聼c,zMl\cIbG턌\cyfb\\>Y\<\\\\~ZZt\?\\V=(\mD0ƥ \\Yk\/)/\a \xi\$0H\h\<Ѣ1D_\g\~\Y,\Z\vQ\\҂Qp\}\(^p\rM7mG<\9\\\\\fu\L{\K:\\\mw\UZO>4\8\\1=\g^L\\7\v2\\㲱\k6\`\$Aay\M\UO;nU:p\_\`E\r\_\rۙg5ub\\o~_Nr\d\\\\E\?e)[p\\U\vK/xi\*yh\\\0\\\\\rt\?\D3x\k\eW^\\\\wο/\\dm\\@=a002\`:\ћ\D\\\gn0\\^\Z(#Z{2⅑\w\yX/2vb\O\\\\nsy\;\\ilY6u\Z\cڗ?\\`\/|-oz\?\\\'Qu\CUm\^%\_lZg\\^}\;4l\:dhKQh\,!c\\\ou\\+\\{hhy~o֢zH_\\\apV(ƪi\\\[\K\\m5<\\\0\	/3\R`\\"\\7ޜ\\cy1q\\\\"\+7>>\\\=ӛ&?D\H7{\f\\ʄ\\&L(G/¢i\\0Gp\.\V\\l\.\n\˿u=\\\7y\\\.x\\;v\Js\mZ\xu\\\\u\\Z8S@q\ŀ\\(0\\\ҳ\+j\\Î8:m\\E\\YE\=w\1퓽\\h<|\'0Ez7/p\tOfC\y16^\pxyOnޯ,\E7q-V{\nyn\\;\j\U\\\W~O?i]\[3\g׭,89{7\1\\K\wueI\e/4\"Y\Âgg\\_\\O~\n0]\\w\$FUVN\\\\\\\J\#\\\\%Oȹe\"<\ tuR\dk\\)~\1|&읏F8\0-\\&\֚늀3F`\\"2ؾ~\\Q00a\``\N\g\Q\\Î\\%&®\{y\51fŀë\]xX=>\ <j1\̓M6\\CU!K\b a\W|(\\|\dC޺*p\<7̘h+-\|\/ʃ.Q2\4^\c2;FE\\\DQ\'V]N\?\\i<\ĨT\@\K޾F\\^$`Lc\\\'\MpP\*i\\S\`\k\ܴ\\'\"B]L\}\\\~OՖG\^\\lLD/>\>o8g	\3K\\Y\'\Exa\=S\\;<=\{\ɧ7*\\awА\7%e&\\\Ƅ\ZĖ\/Ho鱼g	#YMR\s\#0r\\m\N\\\Zy1mt5q~\SX/Ҏ.)\,Tz\ǲ\׍\s\A/b\\;\H<\ <Y\A\\Hh\yǱ,B\\e\\D[mI\\ouѥy\\ד\IU~a\ g\峟\?{@m)^\\0Iz\\\\1]v\\i\l0\\EHuIGZ$/\\9(\i\.d^G6нpw#\\qd/idß\\\D\\0\\.b\\Qobm2^C\Z/(y\\&^\H\D\\2\\	\bU\JyO>]<\\f\!Or\\\\sݍ\}\2\d-b.\Z\c\ͷ+\\\]29e\\\'\\\l\\\\>u\eU\:Ȫ۟\\\j7OrBo^1vܞ\\>Ν8s[\"E\\j\W(}qK)D\\겲8\\ğ-/8\|\\V5\\\mƪ4T\A\Z\n\Z\"`Ȁ\g\'\md{{Ё7\mw\Y\ED\;)C&\\ϗѮeE\\\\\\\\\\@\+?\\\e0?~+鎻\.m:\\X&&C6\UZrk\\\ W\W?mU\ƛo|ۭ\\D4\XcUg*[Z\\//C\ML82\4\јG\ΥFc|t6um^\\\ސ\\e\\\Ș\G\0o\ZYL:\ؓ\Ï<\ZKvަbxs\\\\\5]^*jvz\"S \0\\\_rE-\2ЅWΊ㷈Hxʊea\\Wt1^^,j\\Xu\͓1͕ƛ\.z\.)\A]6\c3>R\\\X6]\^	\\r\r/\\ip\\9҈hLLf\"(\ߐ/nj\\\'P\r\\,y\BZ!\'s#5y\Q<ִ\\v4˄v\\7F`p#6Z\6z4\JŨ|1\c4X*oW\YIţ\TK,H\ri\`6oC\C\Z204N2-Wgok\\ŗ^QV\n\\\\M?\MabDcy\\\\\>?\0\jLvL8\-\OL\\\Y\\\P\\\s\\r\3A8\0b\YQ2\4o\\N\޴I\z{ďW7Z\r\O\.F\v\R\ħ%؏\(\$\\9tns6\rg\p\\\GԤU\\\hV\C?[@N\U\Nz5_z\Z0\-ќ\;\*\\*G\n\ +/T\!~$\ۮ\RHbR\R>-2q\\\\x\}\T\'ީ\ߖz*\A\\\_\/m\W0\\Ҟx⩖iݚp5@\x~8{q\'[ \\NWYyŲ\\o\y\\d\y\m\X̣K\\֪Ycs\\\N\\=vݱl\\Z\\\h6~r\=8\br\ц\\Eݥ\\\y\Z`\\\'\\2.`#vm\\4q|\+<qz,\G\\]L??.\3\\W4qF[\\\,+\bh\\\x5\\ܴv\Yp&#`@;\^c\\j\-Y_>묤aÆs\љd	8\gSއi\n8v\QJ\\g}^\Ŵ\\Z<\\`\Ha^x\ŲݓUe/\Œ-vhdD\H\\\O#K,hYm\ӟM6\\\ZS>EyfϹ!l\|\Ys-	Ne5oLcp\0\u\Z\\\Wi[\Y\UG\T\s܉\\\*55\KeD{:o\\6\2\\\c1[\\\g\U:نG\W\9(\\i\Z\\>\Ćx\\c\\2\B\\o~y\@#mW\7xΟ\mw\;h\s8؟\\ZҀ\\\\"c\=	 ^t\\\@L\@,g\\J\Eo\\r\Cq\il\F,xwc$\u\&B)Ix+cG#\"1g\3\n}\\E~S\\=\BR\\0\C\cD,q^$\\\\v)q\n\ͯ}U%\\\O\Ȅ\\\|b\3IK$|\\y\k\S\\\]\\R6\Â͎y\\cKn/\\\{\Z~\0w>,@\Z/\ʾ3o652gq(-\g\0\\\x^Y\?^N\'+\\|l\\e\\\ZgWڬ Mbk0&\w\b4Xx\\\)+3\<c4<\A&_\$o\\\sF0E\˯t-\hg2K9\[4MC\\F\J	G\u7\\\&\;\Ϫ\>l\\?#j۲]\\9C#]pѥyu\w\\\\6Q\{\m\\\\˕Er\)\$>/ZsU\ꯌh\\k84\h \\c\"\F\\\\lU>\| \\\uR\bh[i}\TV\̛\{MO^|̶bf\'\ܸ|mئlK\E\V\2aɆ5H\W\1<y\yi\*\\ܛ\\7<쐟\W\W\\|)\r\Sn%(p\f{:\Fe\n:%^&@9\f\/W8L\_\\f\\3@B\sf\\[\\gsf,P~:\\\N.ldxB^}\\\~\\\>7TKfC:\Wx\A\K!\\\[w\2AUC#`&\r}X~\\x\\T;90iZ׬\\s\9Q\\\D|\W\3eCϋB6\Cc\OdyS\`c\\\\pBvq\׎@SUv\[\p(\\XWy\P\yp\\+m\n||A\\\w1\׾\Q\\\\Z\\}\\\\P\r};\\n3\S\\\%\klD\L\\\U\_&\Z\F\vD\\K\\A\"À^y\mW\_\ˤhߏ\Q\^j=y\6F`\G`\\7N\\6/\\3#[8,ҨQ\\Ϯ\\B\|y8\Z \4;\K\Ϯ\\\Cl\"\\<[/Y=\\:-\'tZn\\kx\wQ\\r\i\Yi\y|\\._\{\G`o\\j$_\}@\AT_\ndz\}\\U>W\OՌ\jT-.ɫog\\8뮳F)\\q\VYǶ\uϽ]\/\*:^\'|\M \'8S\\}wu6\jىI3``\P\Z\\$T\YqO}ޅ%\\~%k\\\7]+\qߙ\ʉ/x\N.w<|\\?(S\\8\떉\\\'ӭ-w\\	Eg|a\@\\F!b\w7IXn\\\c\\\\ׇ\	iO_\g3\\O\Zshw\\\ZrlK\ʽ\\\|\d~z\\FKNO\M\X|E\\\\uQC\0F\@s\\f\(\Z*hDR>\\\s~\-I\\n\^=\\i<ÂV<ö\']-\[krX?ˋJ9NW\\\\\\r\h3[0\A\#Hq\v\\\w^Ќ\I<\7|\\\L\\WÓ\N\r|SO+]0hAl\\\N\g\\\\>jݤy0kC\\U|\	\vE\A\\nx\\&]?U2d`cĖP\.\\c+\r\F^\"wμ\\]\+bP6)Oc8\\\i]\'_2ū3\&M\u\}1b\y\n\=hZ\\7\`+ʨ\Q@h&?q<]dl1|\\,\321P	\[\]s\G\>{\r\\\}3}0C`\-6-\\<^+/85\ؽv`PO\\N\G\߾\\\s\\\\|\"arD\\s\Yv7`\\Z\\޷3\\{\\Z?:\D\\\k	]?v`4qT!LF\~\\͞\\.<\-\W}\{\n\t\\l\ð.R}>Q,s\#\lh\S\{#3ƌ\\7-\L\\^\q/qmǏ\%\z\QC!\z+$ޗxQ\r$\\{\HD\lg@B\v4ʑ\TOO\\r<&#`&?\\Rac<\\*<\8b\l=Tm0q\y\λ\-\v\\m\f[\됟\|\	\X\\\\Ͷ\2z\|\\\QS	Y]4\Rw\c#`0F#`@\04\h\\xK{=?\B1a8\3\\\\Nz\\D\'\\X\\D<\\/}\񭭗l\d;\\N(\{cRyp\fÙC#`0F#`U0tZaeҮđ#G\?C\ZH\#ƹ>3sb\k\H\"\"\Vm\Z\\\%L\N\\ň\W$\LF#`0F#0i@f#٤\xJh\C9l~\\\!\r\Z}s\Z\̾Ճ󗼺>͎\!Ǎ0F#`0S5\\\ּN@Vo\^\O?|P@\Z\A\\\I\\Z>׌y\v\#`0=\6Xo\T\\?M^~\GMn0F#0u!`#\\u\Z#`0F#`0F))P4F#`0F#`0S6MUˍ5F#`0F#`؈6%PwF#`0F#`0S6MUˍ5F#`0F#`؈6%PwF#`0F#`0S6MUˍ5F#`0F#`؈6%PwF#`0F#`0S6MUˍ5F#`0F#`؈6%PwF#`0F#`0S6MUˍ5F#`0F#`؈6%PwF#`0F#`0Sӽ\\OU-\OLŭwӍ0F#`0F#\\ѣ%\Dݝ6F#`0F#`\6\-\\Z#`0F#`0FJlDݝ6F#`0F#`\6\-\\Z#`0F#`0FJlDݝ6F#`0F#`\6\-\\Z#`0F#`0FJlDݝ6F#`0F#`\6\-\\Z#`0F#`0FJ\r\^\FL7\tm\e.\?Ƽ\Y3ޚ}u#ڵiR\\\K;{uy\Q\O\rma؟\ԸG\rǍ0Fd#\>!0f̘>\\c=\k :\r\\MK|\)\\Ǻo3\ߺ\roZ\>\\ґguP|UoS\S]J7g\u6թȧc\\\La\'y\İ\3\N\\M޺UO\\	5\\r\\\oF#`\!`#Z;dodG \{[d3l?z|_\MmumG\\\\I>\"\Ne\\MI\\\\?uK\+oʗ\Ĵ)\Z\ī\J7ɨLM<*o\'\\\'\\"31\\m⛘ү\ͫ\\\Sޔ_\\M:\\\?P\4\v0FAFAϲFM\<UX\f].N:\\\tH\Ć\\l\q鋼\k\Sx\S#_,q\*2\5鍼\\X\m	U\\\~\}\n:\ćL~G\W\b}My\\}W\b]y\'*k©΃΋\\\'%[\.l\&\W^\T.XN\\<xO\\:GX\)\r?$^\uyP\ӕ3\\z:n\u{xN\рY\G޺L\i/ٺM\\\:;\d$u)?U\).B\6ENqd%/}M*oͣ\:\i#`0he\i\\\\\n5uI&E{\&.=1֥:t-\\ӟ<鍲My*<\\\.7\\b\b\*W\\O<u\Z\\xޡC*K䢞X\\"\\ZV\\\J7Ku\?y-ySةL<}	UdzJG>xc{\4\QʔP:\rɨL21O}\r\\uKK]1t,#\Du\\\SN\\y\4<me\CWi:Oe}\rc=\\騏2\\SZ<1\Qk\Z\#$\<%\b\ŧ]\\Z\:c=u<\CeJn|\!\r:c,~\X\\}ʗn\#\F#`zhE\|8kxq\d߅1\*\'$_XN\Q&5M<K|\dU>1\u(viڥ)S\\#~\*S2\&B&ʉGc\\\ۗ|\Y磳.<)SB\\S\#?2OSxJ7\1ޔV𩝵x\\#vʗ~ҊK>?$ȶǲȣ\r5|P̏\0\Uu\\lҧ0\K\S	ɓ\\'>\+\&&.\\)6E\؞(¦E=\\\.:DtGXOL\\j=զ7\ct\<\ﭺ,\C\eI\>\t\+}Gy1\\\\7F#\[lD\-R\p4iRQ\tjcS{\Z\5\8\w~\S9)\+\`|<^r\+/l_\\-*y\-~B\@\\\z\oJWr\P\ʃ\\Q~a2\S<\Mzk\\B\ tI®\e\2N\|\!/.\{*7xJ\&mSB*Oa̋(\.W^\X㑷q\WH~/Gy\ȣ2\W\%<B\_\\0\0@\0IDATx-+>\EįPJG\r*S~\o<\+\UWUo|\~\(OUn\#u_x,\X\C\VzB\\v\qP\Ƕ(O\t)\Jiő#.\\\"\(\ģ2F#`zhA\<;\\`]򩯖e\ӗvu\Q\\ģ\\)uH6\IVeJO0K\v\G9m|\\\"oW\\K(\Q\<\\%ۢxJ\Iw\j\(\c\E^\T\Ji\)ewt\A\C\r1?ʋ/\\I\E\W[\']\N\8M<\n\#v\<?al\J\!e\B\mjSlS\	E`qRꌡ\&6Tۢ\\Pq\\\+\G9{>r\*D&W\g*S]5t\b}Q&\K)m&\W=≲}Ƕ(P\H\Uo\S\\j䥏m\׺b\Z9\H\v\x\M>0C_\\7\\\+P\R\n\\UZꉲ*Si\\Q\ƸdIC~=>\g2F#01؈61\Y\09\#\\o\\pր\'*8\\Zk^x\Vv=\Au>\\\7n\\Zfe\ |LLw?\\3\\Nk0x[dE\\kfa\@Mjcve=ѳ\>^\m\\^Sr\y%3С\p\g~\\hJ\/|kZU\&\rS\\w\y\'\H{\w}\\[:;ɶ0\>\\#\\\OOkFZ}\\KT*վO<\38\\C\^{\\\l$d\-\\"x\{.ꫭ\7\Or\"\)~B\s\\7k>lذ\E\\z\K\x\\ꫯ\J\gi\\yn\?\\k)\t\Mӛo\\޴\r\Y\#Ѧ&|\\bIGSt\2\\\ON:\\\]\F駟\\n*wHQ\'m^3?\\\ON\\'\\\\K,DZaҜs\\\]zc6؎\\Շ\\~׺\5jԨ\y晧kK|Ĉ{S:\\\ /櫌|\γ\ku\I7\pCէZ(\i覧\	\ߺ]vٴ\[\f巿mi\\2\,\:\ޜq\\j|\nm^>}\\i\gN\K\-Q?b\@\\\\'x\"]r\%\\;\L\\?Zs\5\\+ܪ>\\\\+\{j\ر%\GM\'pBn\wl\"#]腤/֥G\\S޵CNel Bڢ\\\ƌ6\dr\H]5xc\q\QGO|\eLu\瞻6\S\	C\Tz\\jg\q\84F#\[>\wפּ@`\_\J\\y%1\\?<=\1\@\)\\#\\t嗗b\\O\K\\\WQ\:\\\\t\\&&\w^җ>\ϔ\t-4z ʏ\\2\\+CI\\w\n\o|\dd:\J\\"\\Nzڈ\*[zcw\q\\#,_|\\\\|ZeU\DO2!cHr1\	#$<\\8\%\T\\\l_m\\\	c/eLbߤK\nRaʉ#\oI8\O\\\ϭ4yMuH_\G\K\\k\\\\Uԧ:k\	\\icp\\\\a\\c\'(ꪫ\\\Ү\:+m\6\7\(iR\ E]QO,\*\\W\\qE\;\j\\p@\\c=v\anǶa*_!2\\'\\\]\]tQ:\\3`6\&Eh\-\t\e|\+i-h^\A\/\y\Qi]SB\\%N1>\&\\~\\o\\׾\_\\!\w\]wݕ0{\l\\=\\C5\\J\r\)\ \{]\E\w\}w+\7ta؄o )\S1fa\\\o~^y\t\\gv\)\Gy$Ljo,\{J|\"\cX`9\(ۿ[7ҥ^\\\\/u<\).\AM鮒\7\Z;\\C\ox6:I%1_yIk\3o\_r\\:c\Bʫ\\#`\%\D\%Pf\qRkL+uYS\\I#+\\\ѣӟ\\\MF\\$\?a\k\\[o-K/Lku.\\b:\h\'qI\^x\\\WǛ:]6\:{nWr*#d2/!\.\/\?\r\\\Om\\G6\5\&?ƣL\j\\*\?rbZq0Lv\y\\OxDR\o(Oxk\:-~aP\Oo\gb\\/D>>\E䩌<\`\\\49x1\<\IgTa\U>z\N\8\"<\0@`w\y[\k\'z\z\tꩧo6OaQð&ϓ\NtC5\\/Rc\ȑ#K6\\pA\~\\\.YBC_8\\ԃA}\3\\ʇ_qt\Tgl,\\\P<pXl\\\\i\"\\&}1q䕖.\A\}\[\\>\\,	xm\\'?) \^z饲\\c\\\\[\\]\"\?\\\;KqA~\\\w)㝆ao\K-؇ԳD\GNm~\\{J0\@x:=\\C\XL\)zHw\"\zy\J-y=?kJ\\e:\?e\\E\a\c#H\SH~l+~B\୯\\\4\o1X\b[@\\\0F\\n\{\n&#00\\k\?\?˪3\I\B [:\fǀ~\}\MEL9\\\o~\|w\Q<c\\w\}7\W\\\\~=\ز:\ns\9l`2A\0\~\m\6曯dÄ,b[+\\[gnԧJ\&8\"<	0Q.T\"Ձ[^ V\8?\?\a\\\joHLY\r4g\^\\\ǣ@\\\_,0-\\\\oUy&Z<^V]u\\\Dkd_\_Z\\<~F>\Jy\e\ʄ&^\\@;8}c۸0h\n\G\s=\6jlЁ\_ʘXc@!?I\%<(c\Gx\0Q\;\\sm$\=L\\j7\e\\md<\x>A\{\?}\\[\VzꩧJ9\\,ma\Zm\\	]L\11	\>\u\]ӕW^Y\ģ	r\s\+\x\\z\aFB1+\\=Ľ\}ᝄI{$t%0\ezzzҵ\jSx7p\\Zp\\\k,>\\(0\?\P\5(\/|\WmRH\4reh\1@t+D7\-9z@\\\rɵ\<\=\\\#T\\U`#\\r+\\1n\.\ZL2\\Z)/*\\l7-铼)\\\玶*D&\u;\\`\r\w\\~gh\xy\\R{\\{\zOq/+C<1\A;yO\Q\\m\\<\z?\_ܟc0\Pיw0\\a\W\\=͖aޡ_j1|R\_+ygQp\ߛx-zc(=1o\\/\\\'_y\7p\_N\\>I\\\nrE\\0\"q\\㷄v\\\Z\eH\R|F#`h}E\F Tb?\\E\#&ʔ3pb\щ\:\BLTL3\gP\y5L< %\{\ZX\Xaư\\0\`\mM\"&\8KT|\h\Qb\"\v\eǠUtO1&\\\"`΀#WJx goI~\b`wV\!ڋgh1\7v\ضz\Y#\Z^&^10X2\\)Ac\ä#\"\\)FV<`\\S$\9cC\"cDŨƵ\#.I\&>\\\A\q2)h\A\\"\x\`\o,1r_J\\#\'\Glg\_:*\P\\D{0l\V\^\^\kW:&V`۪y6L\.\?>k\1\Q\'\/\\f4׎\;7\gb=6\\L8\y\\\B\`l\\r%ƬYgLi\'\fbF6\\"\u\\\\\n\\sMO1~cD1.p\rwxg;\]\\\öG; \sre\\;\~\X!<\aH㙎#\b\ts\>\p\n\2qLԹ\XD\C/\\rS\YP\`ک\X\\\\g\\\\7(\K\\7\ZH\\<Pٓ,\DE\\\\'x	\,\\\\\ܯ<\Xh\}\\=\k\\n,\#<\xLb\\H\{\(\=G\\e\5\=\a\b\\s޵D\\Cc\]xž#\b\@\\3^q\\P\\p\3\d|\{{\qc8\0\7\u\dyo\~a\(p/\c;ta㹋\f\\\2\\0FL{\\}\`\>F,b\t &v0\.\%\*\%	\0>FfuT\#qmZl+\\\<M2&48GA4ar\V1\a5=qA>Nτ»cr\\b2&\5\AA\.\	\N/e#$\2`\Gl)\\1\\3gP\\\\\VL(\`\\@X\Ž7Mz\'&ax\0AL(s\D\G>\}b3[`\ى\%\Ľ*\,V\_H2\\$\/2p.\'\\\@񌭖2\Z&N\\\S\Axd`Ĥ\\\ \Y\Ey\u}(c\\\_\\[\ms\\mG;y`\ Nxo\"&Y\%=\s0\(11\\]!3\=\ta䝀Q:x6\&`R\}6\5#א\\3p\z\<\\\l\0r\ \"#6:\\Z\D\7gw1}g\\\\r\n\x\">_d1-\ҥgN\My0\\)\D\\\\\\?k֍0\P1\AHG\6Gj\IM!)\#ȏ\,#?h;\S\"\\5L\(das\\\n\\#\QƸ\\\w\-t\\\_r1\`\0\\\Bc~{ Ꙝׁw\0^qׄ\#\P\S\"\`q}\\\7E?\Bg\\Z(>+\B\e\2\aARנ\\\\1.\pwXl\591U0F`\BFi\zNa\&[8Dd\\g	(_,d+Gg\D,aDcR\\n3L\\#1\Rw\\\r5\v\m\nVt\u\"\\ڍq	.[\\\bcJ7m`׉\\JI\b\r/(*a\s\j\&UH=7\Iq&N\DL\\c՟QQ<Q\tF&W\\n¸\"&&L \\\m\L\\"\B[\d\\\~M\\\>\2b\O$ڈ,\\\Z3Y5\V<U\7޸xn`DAOB\^\0>0c\\rq_\}\ëD\\r->!g12\'}\\\\E\ڄU_t\VM\W]\%[ޙ1A\1\#\T,\\\\gQf \j0\ǴυRu=\\\\\{(.\kR\\W\Z8\\e|PBK<\\\'F@~#\Hd\\$\P\\\D\Y\iĆ\{\\ǽ$\N\h\-\\"\ȣ8F-\-\\\vK_\\\ky6\\{c\Z\\)\]\B\\}\{\#\.\\\U\O{>~\\\0FX\\N\\\{u|`U?+=]鹋\\NM\Hqh0F|0Cꭄ@/`Ka\\I\&!\aճ\/VYef\!3Z1\\\&_q\\n6\\5i\16@Z\+\\"_g\A$\00qno]A~\'ׄ[\تF\M\R\x\\0\י-\k>\1\ۊ8ۖ\O_\"\\!BL\4<\M*}x@\S]aTY,\'7\x|\\YO8z\#-\Xx1Լx:\)<xz\"\LBF\nAv=Q\\<w\f\!\\\x\Z\&\~aʘc\kO\L\\'Q\\\u\`\\"\_ML\\LL\E\+_o\\\|\!\\\È\\\\=Տ\(מߑ\#jחہ^K\!?!\ۉ{T@,\n\\ˈE~bIc\0[\ZC\Z`k\\g\\0\i6\Ch\,~t|S{c^\QBBeت\\M~\=CY\\&\\\al\8\90\cIE\c~\\FG~#0n6^\\2\nV<C\Krȇ\6Ro\\O[\\IΡ0FA`\\[\\\1\\9&F1-U\Ä\|y^\r*x[L!Y(r\>-[Ll9XX+\U\\d3\\\3a\\\r8m$\g:\\\0ar/4ڋъI%+V\F0\!<Jv\abڤ\]D\\"1 fqM\\m\Vlc\G\n4YgL9h\\r&[B0Q΄L#\\T\\pd+\r;M.\r\\l>\\lq\`t\\\F2M\|\\n\W	Gc\/\si\Pu\}\\rx\D^[\`\@I0[qmjxk\\!\$,\$\M\Y1\\X<\\\8=O\_l\O\N/\`Hx6\KO\7\\o\t\s\\!\x\I~Ru{UGw\G6kF\0\\"z$#9\]&\x[\L\ayWQW_\QOSB\#Ó\	\2\Qd\r\0@\Jgɘ\\#0D\{w \Hq\\u »6dxx?\,mT\r\)@x^Fj4-\p!\\R8@<\\\\xR)\Y\\\̳ϻ~g\]\t|O\\^\\W!uq_ݐ\\*גv\{\q	u/\\0o\so\y?c\X\{k\{\7~\\ao\{g\1ls_\A+l\\Y&o;~7.PY\\#\=\oS3E\%\T\	\\\\\\<ϡ0FDFDӺ>@\\BP,u?FF4VdYgK#gq>&XQWS-lb嗁\`<`bL\`b\\,\튳\)4GmBZ&l\ak\r\"yz wsʘ\p\ni\X\0hǰ\,|\)Uh\JH\er˶Nzl$\']Tc`lI2\\\\\1ƀה\(Mńp\\\k\^gLi\\oQ`4.3fLB\\C\nQ\'\T(/\'\\o.\+xaܿm6~04\>\P\ns46},1\0c\\(\Gg\\ZY_>OFH{灶2d\"A{L\!ՇA#vm+\x^r\c=}ahf%RO\nU\5WB\\G\\uxE\7&\\\D\];\\\\\w\6E*\ܳ<\uᝈQLzUi\3\=\Dϴ\R\Ą\Wo\S1\rOL\,x\0\D\Kρ\aP`K#\?!\FJg<#`\\)Ig0s\F@\"}uv,<X\W[щ)\28\\{\.\\x(\[wc\s\;K[/\~OLԭ<\O_yoq!x*F3\\u\Xʳ\+\p-\\<U\轌4}BO<gb\SY\\M\\}=\\w\a\{ED 7\\\'p\\{\-)\xqז:\\#^Pu+x\v<wCQ?wMá0F\"0]$w*i>#\wj\'%\rN<	J9o:[\\#\\	C\U\t`.\,x$\\\\vǸxbB\JƓ<\\@\\0\\]3f`sn\\\r,N0$Io\#\\\|}(!\\U\Do\G\U<9\߱}\\ĐIy\DE~\J\a\[{\\U\PyO\\\"0J1Y~wd L2Q/y1G&1◾v!\L\\sT\\3ζZҍ,\Cک|\(Ox3\^\$r\˵dt\:-9\\kR\b\Ct(6\F\\I>i<и~lW\lކj?\QWO\\'ε$\5\\/s\e:<\|=w\G\'qc\\e1$\R;\	#ru\\I\Z\\\\\=\r&X\*\}*\|\!\G\&\\_\|\m\\3\kZWt\~x\<G9\Eݔ\\\k\~_\E,8:	%~uxi\>_ȗN\a\ZP	\\{K\!\\%}\\rEWW^,\_\G\\\^\ŰQ\~$_|Mi\A\_\c1on\?Ha/\#`z@0Q\a\@܅zD>:yې<qD\ddy\Z(\m|\C/#\"\b~\<\\׎_m呑x,\'\0e(\#\\)?\-\|j\a*+\k@\\q\\5Q)\H\yɓ\"\Z\1\V}hKx\k\nc^a\\\jB.\\P\##\K\5Vc\L!\\)Y\:b\Z<:3Qԏʤ>DݔC\\=\\į\\'\,\\?\b{)\"{x\+Q\I7;\j_-OZ\#qd9\\r/J\{\'ꀧN7ވ\\nSy*\zB\\Ic \wز\\#\kRu:2*y}Cm\\e\Q*S~S.~B<a\\n\0\tf1\$\\%\o\O\Y|̈́Q^\T.\SalmTqd\|\\\w\K\G}\\\L\\r!C\{꒼\OmTBd\>BK.\]\\'#;.\I\nt)h;J\'=ʋz\<-\*_联ߕ\~SƟ;<\\\s}SIw,s\#`@;\\I?\=рM\N$\`6&:LkBg\˕?\q\\p\K5\7\5\\\\'֯:x\*\lH\QN21S\'\Z2S\\etѾX.y.\\b^S\\y\r\>{|jS\(\N\IV\\U\\\\\(\\\\:>\MzzU_\\Zgԯ\j\\\E͕\H}\/}OmH&?\\eM:TΖv\Ʊ0\v6mb}J+y\\\V\\i\c\jҒoǏ\\I\ðk\\F\\E\\a,L]gS\R&QWx\\\\#ŲO\'Oi\SH\\\!$r\Wexr\G\V(]x ~\D5?\\|\n\^h\\$\'0\)ޔB\+.\KyL7\\u\U˪>d\\H\le\s\'\Bá0F\\r-\Mj\\m2^C\>\0[r>1\iW\\#j\k<M\\E?\\i\'\Gu\\(\jv|dbYx\'#\Z2\>\)T{JK7\%Oi\Q=*S.\\\K\\\A\U\\\.-~\\"쉷.,MuIw\'ިGmD\yQe\SZ2\#xd\":\">\\\\\'ycY!\\.u\%ޮ1_myԡ\#\'\[\*-]╎t,qx{JK__Bj\?mX㕬ʑS\\\\Q\\.\\\-y	!\K\'\r\yu\~I\6\GN\S懷WAuyW\uP.\FNi\#~k;/\D].\\]j¨_:$/\K_\o\ylUv84F!0Xh\\ٷ\\@O\\]Φ64\E\\A^r\n\:\\tjk\\\.\U=\\(/\K\\_G<BxkXu\rt\\\~\\_<K^al\:\RG]۠~\)TY]t(:OV\O\!/GuW\W\ncd桜?\(\\\6\\\\UUxP\׺b]1\\<\Iy\\ԡ><\E\QI=\\\\\cQ&\)\\raA⑗|\(C<\\p\T^\\\"vICMmi\\\\>.oj\$#|ckZ\\#+S\!e1\N\\'\v:\[\\ĩ+Y\"yGmpVZ\&yr\Pu1]\\")\*^\+/\:n0F7؈\\3\\"0QPS\\u;Tt\x7\o%9ɒSY\\SZbeɋ<E>\<#\&]Ȫ8T\\\`\\UG;\\e\\\\G|\ie%\\S}QO;x\\'¨W\\\\zJ?t\\t\2\\\nU\\ĥ?ײ!\TzNXGaͫ|O&>M\GO\ɏVuY]N\Z|JOW\u[c\ҡ\@M\\4S/5_\#\t\<\$X\*L\ֱ\\zc;è\'\\\'\\y\U\ox	k\A\..B\c]JS|\\WGiF#`&\&A\#0`0؍\8kX\Q\L\XW\TyG\\NnO\D\->\+\V^;vuRV\*P$ѫ\Xd\<J\\!\\\QY\"_\'-Yt)N>$]\\\F\\\פO\i\\FҺ\t\eҭ.\\Tw]xccr҄\m]~;98\פ֩x\)\S_miҡ#\j~\+Tdɏe\\)S\\\5]^%הO^O:ɫlb\&\ʡ\?\EY\EY\UFe\\ZIF:\.\5\F#`:!`#Z\'t\\fdG@\8oj|=\\g\Tפ\SϱM\\\z\\\M\"𷣁Su[u5\vr\ۗT_NɊ]{du(oJ=\c\t\\(Ku^O2uLǶ\}WY\\'U\\\+QX:Bz\\$?\y-M\\&n_v6?UyM.\\6\P\\\7\/ew\\\\\CwwI\H#)\n\n\nHHI\n\" \"\LD0(AD$A@\\\\FޜY׻\\\\{w\>{\?\?\\=q-\{\Xp\_\}\9\cA=\9\\\\\' \0*@\QŸ\"D\QC\QƇ\!!\#\\\/4\g>νi5\\,~\\\\\\\'\8}\\\:4\z\5-\x\>\͂kShk{Fx{\6t}H\ã\\\\\>-a_\s;H\m]\i#?@\0L Z`*C\0@ \qs~s?Nj\N?B\P_\kHsGHRG s~Ԅ\0 \\1]\;G;B)7n\P^\e \0 \0 \0 w\nܾ}\;\\V\\pT\0 \0 \0 \0 \D\! \0 \0 \0 \0 \ia\G\0@\0@\0@\0\yh>?t\0@\0@\0@\0@\\<-L \0 \0 \0 \0>/@\燐 \0 \0 \0 \0xZ @\0@\0@\0@\\@\0@\0@\0@\0OD\0\#\0 \0 \0 \0\0A4B:\0 \0 \0 \0 \ih~@\0@\0@\0@\0 \\CH@\0@\0@\0@\0<-@\\\ԏ\0 \0 \0 \0 \\\|~\\0 \0 \0 \0 yZ@\0@\0@\0@\0|^ \!@\0@\0@\0@\0\\0A4OS? \0 \0 \0 \D\! \0 \0 \0 \0 \ia\G\0@\0@\0@\0\yh>?t\0@\0@\0@\0@\\<-L \0 \0 \0 \0>/@\燐 \0 \0 \0 \0xZ @\0@\0@\0@\\@\0@\0@\0@\0OD\0\#\0 \0 \0 \0\0A4B:\0 \0 \0 \0 \ih~@\0@\0@\0@\0 \\CH@\0@\0@\0@\0<-@\\\ԏ\0 \0 \0 \0 \\\|~\\0 \0 \0 \0 b{\u<x +V\6ɑ#G%iҤ+Gvɛ\'(Ĉ#B:u9\Gi\j)Wt< \0 \0 \0 @\ \;\z{\\-\ԥlܼ%\:˖)%\\\*\ӥ\r\|p\K$	\=[\ҠϚ=GVKM\\\\\@\0@\0@\0@\0p\\\\r\*XbsַN\rz,Z\6\\0kѼ.U\\RN%;w햣ǎK1Lܱ;vIO\\۷z\g]\u<Sr\\-yA=ɘ!\z^ \0 \0 \0 @ܻw/+\\Z\D\A\\&.\\\6Y\֛oX\\Je\\_\]\\_ܿ@.^(ɓ\'\,\ȞM>|#}}\\%I$Iϼeqw\ܕĉZ&\$N\~\ \0 \0 \0 b\\v\A\Wv)nܸ^ٮGm\\R\\\ҾmKi\z\PU\i_\r]b\ҮMK״\&-\ʮ\{]\ӦM#\V,/l\r\;]:\\\KE3\^~m\w\W\\\e+9\͝P8))S$W\\"*	$p=gɞ\c\.{,wҹc{\\\ٰi|\\0\\dn{n\\se\\?ș3g\{m\s+JV\	Dy\0 \0 \0 Ut\Xt,dE\Q\>ǌS)SR,Z*\F \\\\\T\iW`EoѦ=\ȖMv\\cT\d\\r2v\0IcƌK&Lhtz\\;w\I\r\^a\Zк|媾\\\\\X\w\\9g/ɈQc$SRzU{N\߼u{\\\n\\}\\\]\\\\KU]tog\xre%qD~\&0y;~B`@\0@\0@\0\0A7ң7\T\;w\\.\,s\*?gjN\N\Ol:k--55\\!\\\_~\&\w\Oɪ\k\nbg\\\\q\Ȕ1|\\\'A4F:j\O2r\h\2Wm\\\\;.d4i\\\\'\"_7\_׵s\NEJ,\\Z\ \0 \0 \0 @\uBO\"R K\L2n\fn9eB\\\]D\ Ӳm\9r\\0\\m7};m\둅wy\6\\4hO˾\O\bۼe}\\wDhZtfJ\{\[T)\\3g˪5\\\\Z63\ӹ \0 \0 \0 u\D:c\=ѩu^~\~:}F46g\BN\\\p\ۻ8p\\6\0hY\\\0#$\\NԢSH{v\X\̵_)s\.\[]63xZZ͜\W9o@\0@\0@\0@ \DnёH.4_\N\lҨ}S(ouʹ\Fc\~\T\\f*dq3-\Λ\\\\\\{=\6k[\\_$\z\#Fys\i \0 \0 \0<\0ho]ddȐ^\\\\C\\%\\Sl\\\\\\O\qMtE\\\\\\kOx\ʙ\_st=%E\\R\\\\\+\\2Ȭ\\\\\vwP\rR@\0@\0@\0@ j	\3BzA\~_iֲ\r8y\\\3g\\p݅3n8RDq;]Ry<x\@_ڢ\fQ~]?`p\bC\}P\8ɒ%bOW\9w}}\\-n(;5սe+V\`\^V\\\\\q\\ \0 \0 \0 uH:ca=I8\N7o\_)S$\I\\r\v\'2~x\͠ϤYCLhlbE\\+We\\\r\\%ѵ\t}5-s\?u]owf]o<\\\\\֩}[y͛6`\K\\F\Y?\8;~\6\wyli\u\\\\^&\0 \0 \0 \0QOL7\QڴidK7]Wj Lw\Ԣu;)R-z\\\$\Sy\n:\q\\r\\m\֛R\ZkӤN%\\Զ\׮[/\쵻`u\\wԢd:řR\~L\9\rĊߵ\?%cG\r2J\\5k0\[Mw\w\\Jl m\\\2j\Ok\^\\\\\\\r@\0@\0@\0@k׮7.\\ϫz7n\\jOx5F6=v\t4\\\ѩGT)RHT)Tm^tId\$\vAP\>h\\A\,\\\\\e~Dj{\>r\n\%N\u \0 \0 \0De۷oG\\\7hA҄	\@P\Naذi\ч\Km5\ȂEK%w2\\a@\0@\0@\0R\5ƚhQ\cLg\\"q\f;=\\\\ŵ\9u\\\\y\O@\0@\0@\0dE\؏(\$a\r\\!@\)E\nu_t\\>bm\\\0 \0 \0 @\h\\"\3M-y \0 \0 \0xD \؝\#\'*E\0@\0@\0@\0JѢ\h\@\0@\0@\0@\0D\+\"\0 \0 \0 \0D%hQi4\ \0 \0 \0 GyJ@\0@\0@\0@\0\0A4\@\0@\0@\0@#\<\J \0 \0 \0 \0QI ZT\ZM\0 \0 \0 \0 \haR@\0@\0@\0@\0$@-*&}A\0@\0@\0@\0\\0A4R) \0 \0 \0 @T F \0 \0 \0 \0xD GX@\0@\0@\0@ *	ĎJ/#p\\iٳܾs\'b\S@\0@\0@\0@q\ȓ9K\\\"\<\\yya4V\\,i/lMB\0@\0@\0\6x[Bl\K-Dhu\9\pOg5\0ZXR \0 \0 w\n0\;\%2[E-2\y6 \0 \0 \0 OD\a \0 \0 \0 \0)@-2\y6 \0 \0 \0 OD\a \0 \0 \0 \0)@-2\y6 \0 \0 \0 OD\a \0 \0 \0 \0)@-2\y6 \0 \0 \0 OD\a \0 \0 \0 \0)@-2\y6 \0 \0 \0 OD\a \0 \0 \0 \0)@-2\y6 \0 \0 \0 OD\a \0 \0 \0 \0)@-2\y6 \0 \0 \0 OD\a \0 \0 \0 \0)@-2\y6 \0 \0 \0 OD\a \0 \0 \0 \0)@-2\y6 \0 \0 \0 OD\a \0 \0 \0 \0);2γ@\0@\0ť>\0\0@\0IDAT@\0@\0]&<\t\cŊ%	$\:.@ 4\B\5 \0 \0 \0 ;\ѣF?\3\\+I$y\z\0h|@\0@\0@\0@\\\\#t\mq\\!f=n(@-\@\0@\0@\0@ \t*\O<\\8l,\H\\\'\߿/N{\\D{ë._Ȣk\\x1\"ɳ@\0@\0@\0PܺuK֮YXka\\ O\ܵG|7\\֬\\\\ϔkՔ*+ǋ+W\jF\kׯ\wþEK\\3gmҥM#\L;k-)Spuw\-Ңm\\R36\XL%\y}\>]-\\и(qMZsr\\\x\9v=\,RtIi׶$K4\-G\0@\0<*\eYpCdJ*s\g\\+7\ʋ\z\r[\\7eҹb6;\<ᫎ\sO\\\\q\\\\	[8$\9\??>8%V\;M\"\'$xk=\\g%o\DυG\!p\\)1l\\rE֬Y#۴DyG\hE e6\tlҔi\\(aBiצ\̑]<,̝/\z\ww\	\\\<#\\\^\=zLڿ\\j⯿7ʴ\3e2e)c{~\<]	2V02#r\\iٴy̙@V\\-_|\O\Ǐ\jڹ\훝\!T\\5h+\\-\\o\`I:\^ \0 \0k?\f\\rdM@rJ(C<\"/\/\|R\\ K\]}\{}\إ2r\QiU:KA+Jd\;v\=;fiTP\\'\'\'ܒ~\\\)H\\)\\	:VϛN\\\S\KX1\\\;ǲ\\iI\Z?\~p\^] |P=u\Y~H~nR\ž%\\_ɤ	\\>rhm\Ve\\:\\[ \\P_سw\r*_\ZJ\\\&՗\>\ȝ;w$N3\\?\#\\'_|eh\\r(ϔ)\jԪ=WY:u\!\\\-Ǝ1b\|Q SҸQ}g1Oz\\/MZ<(\\	Tj\0\\\K5wݣ\|r%89dω  \0 \AAK\\0ڐ:f4\'\r_F9&/H\:Ƌn\\&7\-Ğ9y|kYI\ￕ7\"&\G|\\k$U\"\$M~\,\vWĚ\\\EJJ\x~Yvg-[N\,	\'P\>SLu\\I\\D2\Y\z\e\\I\͐oV\ZRR\V\ӎ\ c@\\P{z\A\L\7o\&_}3T}>\TǏ?$)\'\m[\k3_F8\rd\f?m\\\tI\\\Ot\\#\\\\\\M)\\\_~a\\/Ր\M\Z\s\y~\\d꯿ɢ\\\\"{׷$uT2b\Y\O)^\u\\T^׽\/֭\ ֬f9\\4V\r8E6iŊ>ڿX?qR-K\U}ZhbyМgjf~Q@\0@\0\l*\\jm2\h\\\\%\̵\\\mn\?.(Yު՞\o\zsNP.Y<vZ\\Gl)^\nzo۲Y3~_qWz\\e\Ɖe\]\C\\H!\L&}R޺+\dO!_y\r50ܺ\'=f\E{ϋ\ݼd&[siHuM\nfL\":\u\\K\\%K\\x\&[M\C\'y\Rs\zجUN̴O\\r%\^ɋyG\\G\+\4\\ْ\̺\'\ \\\ݲ\\?\LՌAg\:\\\\Yp?=&nܱ\ۥ\S\\\f\\'I\&s/t,\7:m\s\ʂ=\E͖B\&+\\\%5L\	 \7);x|S7˒L~\rZ-=h\yj<)MVxCb驋L\\񰚸 y\\\kÇg\J\2ne\Y\/?Af6S\\\+͚73k½!T\"w\z\!	\&\s\V\'d\rѵ\t\\\7]o\9x\=\?Hr\\!|\\|L:]\V348\"Er\\ɒ\c\}:\\%\+\\\0S\f-\\c\\ֶwz~ mڿe3\\,[\\~\\m\^TSE{\}\r\xㆯ\Ë.?m\{f\c \0 @\nl7A-um\dVJW&7/bx2\~\W,s2\\2\\&\0sN\uܞӌ߶\\\I&TP:\\4\o;\\ǳ9\35R;-7y\)٠\\\\Nì\Z\o(o\ex\c\B\\5q.\C\ڹ-JJe\\QD&\|\4\~h_߹\'\\+\ıSa5\l\T\˦Sr\\Ѷ^]\,u\\j!2k\\ʹS\glw%L\jU\22aA\kf5\\\ǮȨD3\&o<)oÞ\\^=3\r5{2mq\<2\>2SQZsT6\m\\|\e\\zv\^7I]wNL?\\<kMg9\s?[`\B\YТ6jد\=cb+\\5/Ϛ4m\"\Ub\\\Hh~\Щ<W\9\\\\F#aPq	i\<8$\.l;W.\r\y]_\{=JrV\$V\X6{흷;\\6I\\\9E_k9u\|7|<[\#\_\ٲfo\\\S\\e7<\\bƒ\l\\ozLS\'L\Z\T]\Mޙ}\[\̙\\'O8\'\r=\\5ʹY-\0@\0ls& %mx!6N\\\l)ڠ\\SWmf\\f*\n\p\\\z\4\y\\\\2\\\^\`پ\\\4J\\¾\L̵^\-%\o\\\_6^N687nO\ʹ֚j\.\Tfp9S(5{\\m6	bi)9\Ps\5\\M\0t}9]\,O\\6\\\\\\ƙ4k-Rc\_6k\	&jݺ@)e\C6NLR\ӌ@\P1\\F\09mnYq\z\A/?e\t\0\\z\Y\ү=&Wl.\	,\\\E\ѱ\\YGO\2ԢB\r\&	\f\Z-\(&\Fy\\ cƌ2\;v\a]\\\Z/H\jU\\\QV \O_\2\&\\%O\\\\w\@\Z\{Eʚ\\Ҥ	~Q\\r6\{^+jTjh\Zts\tM<\\ܧ\\:\n\ݻ~\\\O\/Zwx\\\\\\\r\D\0@\0\"H\~&#MWt\ZS\)\?i^EViM\'\4C\\\\\Z\^͊Ң\6݋g\bZ\\NѠfD;y\\^\rN%u\\zG\\R;\Z\\lNN̘,+0X\gfc\~\cxδG:\Z~\h\{us\r8޸\7sC7Z~z~\lVNtu\\\3N\lS2\4cL<A\\\T\7M0ν\\Zsa1q\\\?=׹\\kB#\8k\@ڴ~\\޳7ܞ\z\\Ze?<Q\\\	\\$K\7u3\\N<e-R\ߩ\K\Le\\\\&`\q\3z3xٳe\rxھ?z\o\Z\T\ZSOO9+Mv癇\'\z@\0]^9\Zi\^.]!O]e3{f-i@KL:GM\0\F(xe1;Y\@\\1Į\hGK\6\r\}>4z:\|h^h\zf|\\\8u;u<\\\\2\@N{\\\>3\\5O\GAjYN\n5\4`\;\\L`+\\Zh\鸚\\\6LYZt\7-iǵYvYc\\\\v3\\_vn\jAG5	#@\\?8\\MV\춢\v<t8\z\͝5\\l\s\-~\'A\h J]i@xҥ\\͘dS˟\\4\ or;1v\Dh\\nVe܄)\\'\@\0@\0\j9`ּ=\oxE\~\_\j\V\g\\nڮhر\~C\q4Sl\\\6{\\\=\\4kL\t\r5\r\hh\\x\g\\\M+n3q#rܴGt}3\\\\8u\qbw\ԭĀE\\\ri\];7.3v\̱ЬC\/\dM@\\\\\>\Ot::\W\q>]x+\~\\즎&\Bu4S^u3]\_\4K𫥇\\Zv\ZQ\l\l\>\'\Щ_Ƌî/VrJtvj\}fCӦf\\\\h\\{F\0)@-jk\U\V\m_z\ \Ν\ׯkfaɶov\}\\\w$~|/^r]w\\m9\\\s\\?s\uwL]\L\:\)\\}hZ\tv\\u\\\د-\"O5\~6+W?T\\\ʤ)\D_\\H0L\tQݝT\ZJw \f>Gf\;5Y\:v\\q\0@\0\@>A4u1f\[\\\q\D~7\\'\72ೝ)z^>_|@J*E@U{\\;$\\k\,ex[kǴn缮U!g\n\)y?^.\~\.\\ߑN&\\\̚dY+\Zh_o\ER\\^NM\5n\rשvt\\T=4XM,6ëA\AO\{4\\\\j9̬;\\\SͺpZ-y,;:L{\;y\<=pz\r\\r73hə:L2\0\|\\\}i\A\\3;j~ۖ\?MS+5=Wb\*\\DYMw4\{uR͞kV\oa\'\Z\\Dm׮]Jv#wq\2\rẏ\_BjT\<fU}\\ҡ\;v\L\ӝ5u\?\\~\35\֭[Rsk\\5~܄\v\\j\=+?\*S_\\M-9zT\\\_\\\-CҶs^k\\2e\nɗ7|ٗ2e\i߶)]B8$_\\\\\\ΞqlS2{d;\S+;\\\W̛e\c3gϑ>>K\\>鱀Ek6l\R4\W\\\~묭[\c_\\\\\ꍎ2\\Obg\\\\TB\K\Ϳ>\'N\z,<p\<\Iف\\ץ{j\:[\\3\<3G\l2\<35\\\ \0 \\n\,Jͬʔ<Qh\\u4\\Q\\>ď%\z^\\b\\\\6\,3T\wfO6\K~g]3\\\H?u!]\\=\\~\\ԭ}Nov\hX\n\\\\'\\\`\&Y\fI]\=rL\1\\+[\7Yk߫`3\4,˩\Y\\ZNlw_\\֌f\Q\)9df40\&!<.Z޺\H\s\\M2\q\a\%i\y=_U.8UD\{o\XX-:\\ÆȔ3lv,tl\ƕM\w\\AF|?F:\\7md\\_*[6klI\\\N\@\{=9om\jيƍ\\ ڻf7ϔ)MJ\\\K/\ Ӈf\'N\rUb\\K\\Qǌt\"h̙䷩\\#\ϕkl\M2E\n_\el\'%r=\Qׁ_lٶ]\K\[@>y\ܯu8&^*\\\\\\cM m\\ok:6]\WjI7\J\d~=9\\@\0O\&HՇ\^\z:j\\\rMv\\wd\R/>ivt/\Y\,,%v=N\Aд\\ZdZtz\\˘u\D\\G	\\Z\\9\roe2J`\j0\=\\sq\I6\|SL72\r\dT5;j:;K\\\S2EZ\_y4\f)R<\\\\7\4P\\r\Ν;r\\i\?\mz\\gΞUM\\\\\uͷ7n\( \0 @t\Ze[Oc>mH.\_v7\ZmlKgs\\}\{\L0\+?\q\\i\юxa\a\D\\hN߿\g`eÆ\rx\biݦ$O\\uz*u\ֱ&-0uc\5 ZПp?C-\I@\0@\0@\D۶m=\{׷__I$\#\C-h\\ZDc:gП	\ \0 \0 \0 @$	(P@z\\d&Zh;v\0\BS7\D?h\o\\1 \0 \0 \0>!¬\LA[^\\[ZH;@\0@\0@\0@\0dh<\0<@\0@\0@\0@y\B@\0@\0@\0@\0H \\@\0@\0@\0@\0_ \-D\0@\0@\0@\0dh<\0<@\0@\0@\0@y\B@\0@\0@\0@\0H \\@\0@\0@\0@\0_ \-D\0@\0@\0@\0dh<\0<@\0@\0@\0@y\B@\0@\0@\0@\0H \\@\0@\0@\0@\0_ \-D\0@\0@\0@\0dh<\0<@\0@\0@\0@y\B@\0@\0@\0@\0H \\@\0@\0@\0@\0_ \-D\0@\0@\0@\0dh<\0<@\0@\0@\0@y\B@\0@\0@\0@\0H\\\\ \0 \0 \0 \\n\z\\zx\\~k3\r\\0A4\R; \0 \0 \0\^`\#\\\0\0\`:\!=@\0@\0@\0@\0\\0A4S= \0 \0 \0 \D\1 \0 \0 \0 \0 \a`G\0@\0@\0@\0\}h?\\0@\0@\0@\0@\\<L\ \0 \0 \0 \0/@\\ǐ \0 \0 \0 \0xX @\0@\0@\0@\\@\0@\0@\0@\0D\00\#\0 \0 \0 \0\0A4\Cz\0 \0 \0 \0 \ahz@\0@\0@\0@\0\ \cH@\0ܽ{7\\"\0 \0 \0\'\n\n<+0\2ٵ{ܹsǳ\GȜ);~\\\b\"R K\L.m\ZXtD>g!\0 \0 @ \׻7nJJx\|;QS~.\\jDg͛7ee\\R\\\9z\0 \0 \0\"t\Ha硡\\"\Z,A\0\\ǗjU*\\3焩hx\0 \0 \0a F8n\N\$\\\<*cǎK\\$]G\1_ \0 \0D\0A\\Y \0 \0 \0 \0>)@\\'F#\0 \0 \0 \0D\0A\\Y \0 \0 \0 \0>)@\\'F#\0 \0 \0 \0D\0A\\Y \0 \0 \0 \0>)@\\'F#\0 \0 \0 \0D\0A\\Y \0 \0 \0 \0>)@\\'F#\0 \0 \0 \0D\0A\\Y \0 \0 \0 \0>)@\\'FG\\fد\+;w\[ny\\[N:ed\r9t\G\\=v\\\4^6o\\\]w\\2\|\\M\\ZWްTe\v\<t\\7칙\<t\V\\-\LA\0@\0@\0\0A\	A\nqr\ܹKVX)=z/MݻlU\\\r\⥠.\w|\豲lٟ\ؼyd\\\ƿIȐo˗\¼\Az\:\\_-c\Mt\\A\Ì\{\m\\_xY\߼ySھ\Y΅\\\77o\\"{n\\\\ā_}#s\g\0 \0 \0Dw\\#k\K\\\%w\ޕ\&\;=ޓ\? O\\ܭ{l\*w\\\Z`ЗI\BumtH3&N&^o*Ms\\}\d\\\.&p\GK.\|6M\ZY\I$ܾ}\'\\Gz\\]Y~\'t\T\Zcd\\dJϜN$Hy\O@\0@\0@ \\nm?@\رy&Rx19s\\cf[\~\\\E\7Ddj9y\t7\kZ4mE\\ѩov|\^ߩs7ٲ\Fu\\\{ܿ\3\rF\7l*\ڿ%&O\r\E\p\RI0i\L.(i攖m;\{l\ǟ})&\Z|nƭQVr}\\S\o\\d_Z\\ot\\Գ~\Fiz[)R\\e \\\u\1w\4X׼u{[f9\z\gגg*U\l\\<+\\\'s\4\\'\YNm۾\\\\\Z\]Ǵ/U\4hj۩\\\\r\\\\H\n\\ۼi\!\d-3Z\Z\r\\\A\Z\F*9t\\\>GuʩG@\0@\0@\\Ra]7\\\+\\^7O\\޻\Ed.0)S\mZ\\j\\\=]TN>-\Y\d\\om6[)\'N\W<ԧ\d3F*zv\'N\͛]\Fx\\X\Z&s/\{L2\'Xӣ[g\D_\iԠ\y%TT,\\39rL:P\n\/\\Z70c\@\\\/7\ֽe\\֛2m\Or\\\ribj\Z\r\\\W\	8M&\|\m\\\Rl){Ox\9Ǒ2e\}\6WG&N\ʌ6}dϖ\u\q\}\|\\^5m.TP\\\\3:bX\yiΗ.Y\\\7n!ǎu\3Yv\HyR;zLB\Zc\\콎ow\׮˷];j\0 \0 \0\0A4_A\\I&5\߰\KJdIA\g2ɝ;}x\\I\\9lr\\&R\\\\\`\\3g\WjٺΜ9l?.\\h\\ܹs5\ҵ\[8q`\\\'w\\+\w\Z/ְ\Ԡ؟y\䖄	NԀ\Y2N\ԠOO\k\[\oI#3vY\ʀ~}L\\̑]s\r<8x(K]\4\ߩy\md\\2fH/2fw\\d_~ZP\s\\S\Vi79\L:\r\\\Æ\?׮\ ^&\r\\\\\s\\o&ona֬\9-!w]h^t1AE+W\\\\9h:}V}~\\)$~\\V^#\0 \0 \0>-h>=|4>2)kFT\\\tSN\\r\:X\Zdl]J\.ݥH\6SJע\Mn&3a\d{o\Tf\n\#F\n\f)\Zw\\riG˖.)~f\B\\&\\\;\ҥM#n7n\l1-:54`پs+Z8\a^/\~\ft]p\\2d\\r6m)K0\q\V{\[\W\C?3\)-o\,\\gHKH\\E~\,>\qNѠN͑=sHb\﹮@\0@\0@\0|T ͎\U\\\g\&\ӧS3h\P`\e\\Sy\}`;?\\\J\iT\ݤ¹z\Z\\\6˭H\B/\\5\JnjiߴI}ǵ\صە	f\7\<m2S$O\\֭\m--\\T\&\QJD۰\%vj\TbL͞3׮	7A\3g\Ju}\\-ۤ|2A^\n\g>\:&\Rp8z8\0 \0 \0x)\\Bڅ@$\n>}ƬuTv\\#̙\':uĉI\V5e6y\Tz\]i	\\\a+_\\"b\\ҩM0\ֿ\n\\Zi!{\\Ɉ\С\v\Χp\\\\r\\(y~ᢥ_!+\s}mXL2g\(\gm0\i5\\7n9k\\sj\Z2l\r\:uFʹ\iZ>kYN3uݯ_\pU;߸={\\\Au/|+GLItzfHE\}\|\4@\L_u\'y\f\yFߴPg3\k\<ѶQ\6i]\)!w\g63\X3\kv\|^?\\n\ \0 \0 \Sd\p\؈G\\\\2ٿ\\\r\	\B<\s\\\Ol\i֊\\\M:~xRt)\av\Xm\Ҭ!A\\o,\\Z]\zV0+3\~ҝ<u\ZjU،6&}bUUTԩS\N3\\\\rή\U\}6p?Y\͞&ϘGQ*>WS&o\\J\g\:us\u\\0NU\Gܬ}uf\Še\O\\F]LZ$/N\\B\\Yl\a\\>R\ԧui\\]\\O\s\Zԕt\\Jj\\zf]?W\\詟/\i.T@:E5NK\,Q\iZt\ua/\ϽP\\^i\\Z\\n\4 \0 \0 \1]bL>\	_ib\(94\\nQ\ٿz\\\"\\c<@3\Ƌk$\s)R$w|	ķe!\uJ\pJ_\)Lno\zû\K\9I\\.7n\\\tЖ[f&0ɲ\nܺs\]\?UJ\V:5\	|9\\\4\q\|X\g#A6\^G˶\Μ\\8q\.	\\\PbNf\iP3\FfFVѿG|\\ZY><@\0(Dԣ\\9G\jˇ[}Q\"]<:2Ѣ\\g\> \9\\\QptSJ\1\\{Ԣ\f5\0hz}`2\U\;\F!ݡ4\\\\ \k\ZMʘ\~Ƹ\䵆w\@\0@\0@\0`M4*\Z\0<\ժ\M(3\A\\yG\r\d\ŗ9\ȱ\ǥ\ݥ}ۖ/\= \0 \0 \d\\h@ tN\\p%\\\\\zn[\\?\7`y\0 \0 \0FL\(q\r \0 \0 \0 @ \#\0 \0 \0 \0F Zh@\0@\0@\0@ ZD\\O\@\0@\0@\0@\0B#@-4J\\\0 \0 \0 \0 E\\\ \0 \0 \0 \0 \Z%8q\ȭ[\"\\<|_\\͛%s&{\\w \0 \0 @D\!A	\͓K,YN -( #@\Z@pKFbǎ\u@\0@\0@\0B+o\\lEx1gܹs\'\Ȝ)|\\/\,\deHZ*+\-\\ \0 \0 UE\@~Q@\0G\)d=\\"\0 \0 @HL\I\ \0>\'@\0\熌#\0 \0 \\Ѽ~h  \0 \0 \0 @dD\\ \0 \0 \0 \0^/@\뇈\"\0 \0 \0 \0D\0A\\0 \0 \0 \0 \\Ѽ~h  \0 \0 \0 @dD\\ \0 \0 \0 \0^/@\뇈\"\0 \0 \0 \0D\0A\\0 \0 \0 \0 \\Ѽ~h  \0 \0 \0 @dD\\ \0 \0 \0 \0^/@\뇈\"\0 \0 \0 \0D\0A\\0 \0 \0 \0 \\Ѽ~h  \0 \0 \0 @dD\\ \0 \0 \0 \0^/@\뇈\"\0 \0 \0 \0D\0A\\0 \0 \0 \0 \\Ѽ~h  \0 \0 \0 @dD\\ \0 \0 \0 \0^/@\뇈\"\0 \0 \0 \0D\0A\\0 \0 \0 \0 \\Ѽ~h  \0 \0 \0 @dD\\ \0 \0 \0 \0^/@\뇈F͛\ƍH@{\\\\Zn\ݼy;\\\\8\\\gG;=UǅKW\\U?x\@.^\z\\E\}\\ܽ+W\\\\1 \0 \0@l\j.E3k\ K;w\\ċOʕ)!ϔ.!7o\\-\=:?\\\\f_H\MD_\޻k\֮!9e/<sJ]\\ӯ\\5\\sb\Z\75\"Ŋr\ʍ7\äUF2er\93fLI*m|y\D \\&=\"s˷zߊ\\\'˯>\A\r4Hٰu=\"Y\ۭ+Ǿ\\\t<}޾2G\.MJ\9\\\1\\;w$Axҵmyri{\v\e\\}v\\oáb\p\hI0\\\0;\{\@\{5s\P\\\!~_~_\"\֖&u\ӛ\\毾 -\t\\}d6O\\\USg/\=\rb\\Ff-X)\\޻w\z\xtnUO\\\k}\Q\n\\\^\C_m\Ѥ<W\zOySS)SC\yہ\>s\rA\>a6Ur\١*\_79Ҡ٘I\/\?\oHX1h\'\][J%>[\Z@\0@\0pp}!\\\-\7JgJK\EMccȦ\e\>]Zь9}&u*iٴ\\ŋ\\n\ \\\`[˕\{\<Y$Ndk/\\q\\ޤ_7mTO2O+/]m;v\\Ysm`Jr\\v\r&%K(\\\\+W\\aRȼe\\\\;&Mϥ|B2z`/#uĈÞ_e\Z9Y@C\\Ed\u2\\\L\$\]\\\$q\68\:/~ey\%i\\sAޥYro\Zv\;\59}\Au\2\'\\\r\\6F-\yܾ=\=\\\Z4˞%_gYfiƪNLVU\l|*\r__\rQ\UH&Vda\/n2z\0TN,\\Ձ9:}\lܾW\\$ys>!v?M.\g+jA\0@\0O o\\\@Z\'1S\4R26\<T\_Z6l\\\fh\,;gv\\y\̒4Ibiso̘1LB,\{\F!\:\r\W\\e\܅Rtq|h`u\\l/*8|6t\.\!Y236\]\":}\\ںkdHJ**\:/4\\\a\\\ɳd\^Ҙ\\OɎ=\\>%S4\+\\\EmٻJ~v\7}\u~\o\\\Y\\~\U\ʤd\\\\\V\\}I\7\Z\\0\f\b⌅2a\;T\ɓ_\"mfc\бS6עA\r6M4\ƭ[6\j@66S(ax\\\&5\U\셫\I\\K!]*У5p]\\B]\to\̘\ufߡcҽ\k&Ki\0\\\\\gp\i\+^\ZAw\=\۟e\LvY\\q\\4\%ߌ*S_jױ\W6\PN)Q8͘\̼us~ΘB?\d\ޖ\Zϖv\A&Q\\Jz\\>Cz\ɖ\7Gٶ\r~\n;)\_7(\`\Z\|V\Ȅ:N\W`c\B\\x6\U\լ$:N\'Ϝ]=؟#lgv\̚\9K+\7$ϖ\!@\0@\0\\n\D\a%p\1h\'\q\q\2S2ݿ]o\\vK,4\\}T\?]~k\>I0H\\\j7sAX~Q?\\rpI}\tx̜\\Z\r\g\rU\Oנr\\m\\\\\R-}\"\\\,>nj{M\+k\2y\\"\=٬7W/\'\Y\"_\\澣\عM\n\\\Z%H\\:m\\gHu凁\JB3Tݦ\r\\\Y;Mt\\òe\~1\u堙T)ɠ;,ф*4n\\9ҥmC;KR>f\|ߍUt:k\,\Ң~\rq.\\Au_V2md\٥\7\U{cwH\ރlаv\R\L\թ_\gݦ2z\l`\ʗ,$A]\ܴu\8|\J5\Yw{X_\e\z\Ҧ\ٸm\r\\\>C:ͱ	tfΐF\/\\L\\k\=`\7\G٠fz~mޱ_=)A\ܹ>s\nߖ\`n\lbZs\m\/F8#j?\gK \0 \0x\0A4\\ZZM\K34 <\-z\_W\46\Ҥa];\r\\\=\Zu\\\֮USIfx\\\r;mP3fj\f\0|Tz\'LX\\iƯT\I`\>z\/<b\)gLn2\f\5-Zf{\\ҵ\t̗]+\|s/\Ӧm\\Lq)Y\)\K\k\r|=_TPRrf\$\~Ӷ1\:-Ttj4o\x\\\\Cy兊\d\Vt\\N \\\[++\\j8\d\7Ym\tՀ׸oj԰vy\v\8Mf`P3h\n]_re\,\\=o\&5f]7k\eLZ\?hQ\\ұ)U$moP\:\hF>G\?w\\\NFu\kzul*e͚h\Z\\Yq\r\\φ~N4ٍeJ\\\\\cڱE]f\\o:\cp\B\9}џ;\Ε0Sc\ϥN\r\ϑs\\0\j2\\5D\0@\0\N\xg\h!\n\ȞU.]!:3Y\qK\&\q\\S3ѪW(s.OMG\nx}x\icoߖtiЅG\u .ܯA\pڰm\\\r83\6Ӎr\\iٽ\2si]\A7=\=mM_Ǎ\lJ0EtwC\r\i\]\\\l\F\I\"\TG\hVߥ:&ȥm>h2|t1|}\d[\\775ԩC7MXi}n&̽hpC4 \[\ST+:\U\\'Klf\qڨ5\\vi!j6u\n;\OxEV\l\\\%4}\\ͤ\\f::ѽ\Z\\\J\\lh+y~i\T>\\KU\wi>{^\ޣ!\Kl3\\)\\\n\3\L\q\\/M\\\9frmFQ\\\1s}\ܟ\Ln\@V36?G\L\Ru\Kͻ0\{\\mܫ\5 \0 \nD\ҁY#>]\Z6gby\=\\ᣒ=k\80oJ\\t	Sf\\\\\\E6{\\\\9BwWEk\r\Η\d\\LG׵\ec\eρcv-\\f\#?\\v\l\a(\t\\.h͎Znݺc\;p]ʹYw\c\6\\J\ôYKq\LC\N\\\/\\?qA6\ו\o\\ѫcӷ[\nFhX\\\:\S\\\\\vVw\2y\\\%o\mpz\!͚`\\͠Zrͨr5t\E9nZ,\\3%\nI~8\뺌\\&\\]\"\r\0g9\Mήz,[v9`-`4\\>p\^X\ҩگY?~&\\֜Խ\'nf\Fn;\g\\\[orOם\6H\Zԟ#貙֬\iI(T0,7T\n \0 o\O¾\^Z@ԮYMvu\~>[Ξ;/\\_\ʸSeN_u\͓θN~^m\\\%\\0\0@\0IDATM\uZ+\r_m~YgO\\ص9v\\99q\ٙsdھy\\\Ͱe֦h\5?\)~\\\\\\l\q϶v\'\/\\!;\\f\\n\n\LK\\`.>r\L{Z7!\z>:f\r?uV,]MNf\i\kpA˫/VJ:}Q\\ukT\\\\7\\@\r\k\r\nV*\\Z\\G!k7\\oɁ~9\r%5YX\\\U$JhM4\\	:E\<G7\i\\\\(}s34`\)\\ַ_XfluS\ri\\>\N4\p\ʿm4\0\	\d\?\f\\P5i\ހ\\\}\ZH\1\\1f^]/o\\Omcpfz]ON?[\Z<7m<\\A5mۨDw\\\\\'ߎ\\\1s}\C\\kɽ^9ڧ\i\[\\Y_a\6k۹\2\S@\0@\0WL4\ZA\?e\[d\}\rYڳ<vwN\rr}\xWt=z\zＸdvtN\{d\\s\g\"ؿ\~_0\uRO\xЯf\Y`O\\Zoɒ\\֒<s\cΜfҼ\\JA 4\S\tW\\?\N\\@u\\Ǿ][\GfwݡS3tڽ\$\w\\\ky\\z\r|ֻ};r\f\?N~3;;j\5\hR۾\54\\\o\\i\\'ް\Z\득7\\\*\x\]B,\Z1i\\\F\ϥk]%	\%\N\\gJ\8k4{\\48\(E\\\nKѾ]4ANAN\ءy \\4h;jyzys]\\\tN\5q\ڌ;\k\Z4\\\E}^n\\!:\\}4l̠\in?ʩ\\i\1Ս-7\j\\\\\s\8w.\\w?jH\ꔡws\\ӟΟ#͔{\\\Z\뱶zN\:m\0 \0 \1]\7\7\w\\`	6ըZ9J\%`\'tc\0\	N\\Q\\~\\\\Ե\O\9\r&8}\f 9A\i\fb\tL\5Ӝkt\r(;t\\\\/\65X9k2\taG-!\\v=JѾ4k֗\hv{4\E\>\=ͼ\f\\'\rde\]u\\7^\M\04֭@]/`	\3;\&	\x\\6hP\}\T(q\\\Ϝ\T\,=ޜ\d\E\\%6q@\0غ\HD<&\\q\\~V|\U*j\UT\_P D\\0*U\"\0 \0 \0x\0A4Gj`t\r\\x$*.F\0@\0@\0@\0@ z	D^\Mo@\0@\0@\0@\0\ @-h܂\0 \0 \0 \0 E\ \0 \0 \0 \0a 4nA\0@\0@\0@\0^Ѣ\x\[@\0@\0@\0@\00D\Z \0 \0 \0 \0D/h\k\- \0 \0 \0 @[@\0@\0@\0@\0\0A\5\\@\0@\0@\0@ \\- \0 \0 \0 \0\K Z\\Zoz\0 \0 \0 \0 ha@\@\0@\0@\0@\0\%@-z7E\0@\0@\0@\0\0A0q \0 \0 \0 @\ ƛ\\"\0 \0 \0 \0A Zи%j\n\\~C\޽l\.]\\\KH\[\'@\0@\0@\0@+b{eh(\\\u\r\uԄ	\K/T<s\\\Z:}<}F<x 1bĐtiSKz/K$\5\\_)\Eɜ)4_G\ƍc}1dܸqӾ\oq\Ė\%I\\ne\\͛\\\as΋$KmD \	\8ZR$K\"]\\o+\n,s>0sJ\\"md6Ͼ\\s@\0@\0W \\r-\0N\\e+|\R櫤ܼyKF\\mh\Z\\ZXI8j\H2O\'Ϝ\\\)ӥ]\\?\d\q6M*yMsI*:}VΘ-C7[7D\0HOKre\Ν;~\Yr/GMճ\p+ɢ?@z\%vl\r%\nJi,1x) \0 \0 \\7h?$\0DN\Ԓ\"y2|\ı\\U\\M=w\*,kf3\\fi\\)zM8qu\\$fLWtim&2\\\a\V\\cǊ%\\ŵ_ʗUk\ˁCG\	\5\\e	\iv[W_x\\Sg\ce\C\ddݺTP\\?t\tm\{JOHwZK4)\\g/H?ʶ\콟\N\n=\\ٮ\@)W,X:vJ\+ }泮ǒ$N(\2fmݵ_2M%J	oږ/GL2\{\\I\^\J^3\CGO\\*O\Zש& \'Ϝ\rkH:\\&͖3\/Itd@\d,s\am\\;8+/%%EnDSi%%$			\)\P	EB)AA\~w\\\\\\w>\{3s\Ν\\oι\;ə%\2p	\0	\0	\0	\0	En.OV}\l]RL!ѣGE\V\\qe\\%\p\\\T4͵Y<q\dH\#\4\D}\\-k挞\\v\\6m\G\ZX\7OB~!0&pW\|\2ip\'i\^%\3rlز\\\\\2w\z)S,|1ċ[\\m}\4\0@^Tϭ\\ǭ\J#U;lC\[iR\\\\6lݱ\lxu\bX]\z\\\ȢUߛ4\\1Mż2yXgSYטKEYA**dMzC\Wߔ	3˽{\5L\\\אûJ	\\\p\\\\HHHHHP\D{B+@\0c6PeǮ_e\\j\\\dΘ^n߹-qU,\gw\\1\\\ \\nq\6}`Lb ~<I\E\Xi\b\\\l˔!,^س_H\q\\\r\to[O\hr/\\~\U$oGXE|ɂ\\[Ԗ\uCGO\I\\\Զqu\]\xƃm\\5CjOzxrfNk6/\ax-SڔX%+k;@\et\r\fSdʜeRJY҅=^tsew\l\5\e\\\\\r\\\\'*\\3\/Je]\\\C\;	\0	\0	\0	\0	\0	xPD\\\'@h\\\\c͘=_Y҈h&\1\\E4\\_\\v\\i\Z\JF\ZC(\N{%UXhv{\Z\\\H 	;yVhh&4kyrd\3\Ey\Z\\\\\ބgW\:\fb\\\=\Gr`@9w\,\\0|\\\\\{>҉2\?\)g홨Q<vlCh\=\%Ӥ]{\]I$@$@$@$@$@APD+$\4\ro> 9mLP@^YiT\\)Mh%\ċǃ\\\k\v\ai^Ie&@1{\`\\'NJa\\ZK\\s\E~@\T/\n\5u\&C\\`	\?7إ+WMXg\\\	&X<eg_u\f\]~\$f\J\*4\ҽ8mh&\ب\f\iDw\{\sdn\"    x	pL\'\y\f&N̾q\.],:\"\n\@ V0_n#}>q\ٷ_߸!l\R=\`y^\)\{g!!\\I\\xk\	1ix:}\\\\\0\<i$\`\0P^f;i/W<\K\n\}\\"6wYzey\\r\M#MB=z\\r\&\d\Ĥ\a\dIZFOo&\n@!A\\pk\\;f\\\\$@$@$@$@$@Oz=9u\3\B\03d^tوi\6n2)\Yj%\=jԨ\A:2s\Yx,Ib]I=z4i޸L9Gf\ƬC_H&5V\\rLN+m\ؔ\3O\\\\$f LM\Eu\"3\2{#T}\R$V݆\5\\U\MH\'`ߖ]\\0\re=\\ts!\\B/{o( ū6cV\K*y!\[H۞#F&-f\\Q〬yz\\P0βu\K\\ڏ\IHHHH\\O]~=\4O.\~\\>\c?Fx`պ\lb\qp=\/\\rS;\\\\+W\:v4\r&\\W\\߹sWŸ7̘?N@\\6Y\\XfUxl%L׫@|\#\\^n\'Ϝd\;\nfM\{ة;eBD8HHHH\\\}\\\\1\z\!)Y\c<B\\o\$\Z{\Ob\py\5/Mf=f\Mʍ\\C+@	$\Y+|ĵc\'M\,bǊⴾb\Z	\0	\0	\0	\0	\0	G\"ZpHH@**\3HHHHHHH\I#@\Iq/	\0	<\\<\^܅HHHHH\"\\y\gB$@$@$@$@$@$@$@$\PD{L`-	\0	\0	\0	\0	\0	\0	\0	@\!@-\\%τHHHHHHx\\\4x(=̓HHHHHHH \	lit\\Q\\\?\~|0r\gG$@$@$@$@$@$@O\?oY3gsݱcL:B\Q\\w\5D$@$@$@$@$@$@$\\\vMnܸ(\_vB!-.[\-A\O$@$@$@$@$@$@$\#\\O?In=$^xRR\@倐z\\@\@J\"ڣ\~$@$@$@$@$@$@$@Wо)\\/&K\iɒ%<(E䙐\0	\0	\0	\0	\0	\0	C)ٓviUUٲ\\$E\"ڿ\ǝIHHHHHH7͖\ni]>\\"y\嵫I\0E\0	\0	\0	\0	\0	\0	\0	-&\Zx>\\v$&(	FfB$@$@$@$@$@$@$\	D@R\n=\wE<SD{B+M$@$@$@$@$@$@@H\G\bY#hXT      x	P@{kw\\{u\Ew\ܕ[n-\ի\\\\\r\_>soW۽{\|\'\Iස\}u\Sv\g\'8}N\](KD*\\ˁ\+]\\8\\'\\\\ (\>\6m\\ݗ\nLv\\-s\\\6e9\'\\g\_׮\\r\\\M\r\\\6֙ɕ\\\\U\672>\u\F!%@-\qI\L\\[2h\\">\Ӓ\R0_nɒ)Yo\4[ST>*+V:QFy_\"\\͖X#\\/\`cǒoT/d\_(_\_,=\\S\b\d\n\\\\\\y\\\?sf\\@-o\D\K\,d\\\\M\;\]|A[z~֞y&+Q0Unꏗ-\Z\\ڄ)3\yo\DŮ6\\!ϲRBY?\qo)!9g\Б?d\\\\\rΝ`9c\A#>7岙\ys\bܱq:\AG0N\RzeSo\oǮ_e\ʵ\\w\l}%N\\N9<3fuu\\+RagY7g<״\\~Tbƈ.)_Lj6\\nɒ!č;\#/c׬\PY9c\ý(;˹|\r\*1d\٧\I?nli۸g]dh\2{\\3\6hiTM\Z\\']Z֑|	::ϡ=Z\\92z\\\?\Z\<?\#>ora6\L\vE\as\\\2uxWi\3ٲ}OmXh\~\rTp\XA\6}\ȱS\ŐΒ.u@\5<}\|\q\8k3Y~ߴCݸ)1G\"rHjJ\h\\B.\\\"lo;\k:tLK\l+K\\\s2i\b\\n1)JHޜp\\\\\:koڤ|PY\5uaxsH2[ss?\*4\\\\\\\\z\OB\$\k`\\$mM\\r[v\౳\ҕf\\\QcI8\f|6u|ޯd\v\}>3b\t4SAjW.\\\\ ~<pl\}\v\v\r$W\\f\\ҩX9u\Y\\د\$Q\\_d\\\\\\I[\$C=\j\\Z\\O\Ϻ\~mB\"^ægM\FU\ݝhM\s9,g|[\\\"nX\0!\\\\E\J\i\o\l\H\\BM\Ms\)}\\{Kxqm\\1\\6|\7w\N1\)Q\̆\"/\\\|G^HX.]bįWș\\$\_\]huK\(Qeׯ{e\/{$\\B\\+\\Q!+}\W\v\mܤB\Bi٤s;i5~ψ?Ϝ\,Ofޓ*\AڷdLƃ\\Ǎ0V onķ\4\l\ZܯJQ\\j\iێ_d\[$iDRjE5n ~݈I\ժ\ZH@\6Vtfuj`\cѴ\n\\n\"axq=\=_B\YC\Vf3_L\\-U2ǺlWYgxB\Zo\5ϱ\կ]\t\"^b$G\0!\0\G \\WK%v\Z\|ˬ@GiDVځ|%\A\z-{\5\^~=r\}@<V0wVy)Y\Zĉ\!$;,QA\'$\nׅ\/\4\PѬ%K\LSQ\iЬ\f~iݰ]4\( 6\\ږ\{۠	7Wf*\\\\"/M$rX\"e\\囕\ɒ5bb\,iմ\y1i\"Wc_{BbŌa\;\\K\<-?\ܧ\kkɘ\e#5\\\\s\w\{v\n\\d\V\FȫY\\\\%\s1S\Q12aPG\\\N\;e\N\^\U@l }9\P\\v\1R w\y+瘩d\\\G|]H\b<\3:?_\=ZRoٟ\T\0\\+!\\d3\\SO\\+\\\r\o\r\1<u]\ҥ8?\Vk\Q-mBH\㇘\{H\/\ٿ9\s\\ݿe\7\u&\A+,_ȅ\7\K/$֗x*J\.UWٳf\\ӧZ$\\\	D\^cƬ#\'-\nL\\\&YNC\'	cD\\Pz=W\\\a\ڽWΝ \\RQ.YG\*+icDg\xޫ\\\~\2x\Xپkʟ\\i\ODM[~ROg%\+x͟\Uɰ\\'nScF*FYfd˜Q\7תo7\ZOS\7w\c-I\D2m\\\iմc_qS2\\r!VxD\Xw*%\\'\PR;.i+\\E\\7(\[5AVO-Z\a@;Y\+*\ޫ$Fi<t\pD\\\\h\\{\\7\/$Mh:hS\bF^\0\0P\v\NB\\JU]\\ִ4*\I\\\y=\\㋯/\n$~\\w\b-\@\ꁡWm_Y0ۢgrƉS\ݿ\e\\\Ƴe*\f\ͣf7gZi\J٢\8\رb\Z<t\\s\Y\\\o\w\+u\دџ:\6Y\0\F\\\\\Q#D\\\\E\\\gȟ\4\ѓ\Ɋu[\\\\F\T=q\ip\㾒~E\\>zԭRJ\,Tqu\oa\\?K\9=\"\νe\\\t<\Q\ZF<@Z|yX#\ؗ*G:5\\\\\\O(_\..;pE\#xuhچzێΗ_/V^˖ާ\\\'N\\Yed6\㡁m\o\w\_\4Z+\7Kכt\+^\US\\\9]*y>~\\y\\(S]Xv<\|Aut\4\f\\\\M]kM\\Zʗ\.\S+g\\z-9\_8\ỿ88a\\"u\HY\\#w\+T\`\ňz\_Q\]nD\\1\\\gΒ\RR	\<Cg\\ۤ\PgwA}}#Lz]\\\WΓg\˱gd\\+Ҳ{!t\?^֭$߬\\9.jϰ\\~\\8*C\*\ [Cב\\\֩h7\.Ȯ@\\]%\\^\IL\kǯ^8N\\\\[{\M>\6s[\V/\N\ڶm\$z\\\Q\\yNhz\6\N{O|Aޭ{e\e\\{UK7\Jj5m\\-g\YK<\7X292OP/OxS\\+$v>\|\lۿ\qo\^\^\~FY{\rb:!\\\Dexդ\`mg\Q\\ɇ\rL\|nk/pyk\\\r\\\g\rT(YPZ5|\<\n\-\'\\\"nU\ҥ}X\\Q\yq\.I^=7o`\\&\1qLs\zB\{m>Ƶ\6u2^\ٗ1\7><\\\7M&5M	i\\\\Gyh\0|N<)LlDH\x3W\\qN\-$\\x5>H\\\o\	\4K:\\kqI\;V,\\\~?q\dH\#\\\L2\?pȬʝ+ -\.aa\r\UG\$\6m\r\\\}7㳥K\\絜LY*\A#+\\\\\e\ܺu\\rO\Z\*\\\l州u}\\\\\\YU\ùǍ\i\\\\ԋ\sU\R6d7N&\+/\в^\Z\o!T/_\//zȔQ		W\Z\Ϯ]a<] \2-\r7?\\1Р35\\\BhZ\\me\\0c\2~O\Nu[\rC\]	\\*p\\\re\r\	\\\\\.\'\@t\}٧R\m\\@\@\Æ2\2o\z\P.iu\\e#ɛÄv\\\n%Sf/3*(\\\D\~\\\QU,\X3beS!h0\Zu.*_\74Lz\A\9 \˾C2\F\9cNa\\0\:\[\A\8K:U\DP\\2B\\CN\\ﶓ\*X\\\Z\5\Ǆ:s\w:\R\2\<\\swZH\z\\!T\\\v8܆u;\2\Mfa\jV\L}\|2\\˔K1\ T(YȈWkQ\\%I_7\.O[ T\}\٨RQ;\!?i\\紽v\Z\X!z58}\}=!6۝\\Zb&B(kU*)J`\\\\A\˘M?j\<\؉3\6nݩaM\}7j\\\\沶+h#2KEc\\B/a+\Dǹ\44Ԛ\\vq\|kϐ\~¹\-^\\Ch0\Mx\Un\E\\\`\+w\\\Z\\gB\"\,\\\EU~\\X/&&g\/b\\r\՞\w\rQ\+\{mKah\жߴ\,o\yƣ\f<&\,_\\\k\K00ĕQ\{̲m?l7\]S\r\p\b\\pt*e\nG\\Vk/H#\y\\xHk\2\"\\K\:*D\ ~!4ǜ;\ai_\"x!\D\\A]\f׶\\k\u>B\^jϐi\a5<z/Aݚɪ?ʰ	_\\\\\͢\\)\\^\~\\i\q]\=7-g\5}\\Em\}\\\[\)\\\\A}n\V\\\\\\|CZ?ޞ\\g\ UY]&MjE\ g\3\\LOx(>TA(a\oh\\9\\\\2t\x\6׮]\S\\\ܽB\q\\\ZR\n\\Pw\2\t\\\\?\fo1\o\(`\\0\\0&7xz \\X,\\\Uj\rc/[R\Fwˮ\\\e\?\3\;x.xT\*\Yo5w\H\y`:o\eC(\{\V\e]7Gɒ>\\\CǌW:\\\V\u\(OGѱtRxގ\G=J=\Bh\|\,\o5;\\\QǄ9\E2\O\3\/J=6?i\VNxL+n\\G7~4{3x|\~1\XQ͛c\nҦ4B\i`|\R\\l\lz+Xۢ\\\\\3\/;,U;k\\w\1\\z\cz9\r\r\\\Y\qhx\QYx>wx1\i\n\\Zu$z>\i\;\6\zEW\*\\\0\"ѡ^\\\M\`a\2tCz	\`o\4t25\\鍧^xg\_Ҏui׫\\Zd}	֛\\o?\\r]Y>]ޮ\|\p\#\"Ud\\\n\:<2p~/$Ihơ\uvƻr\nEv\벯1z$ox\\8r\Ƅ\\"\\\I8a<\0$Տ||\5\\\<<p\0\\_JVҥƛB<\`6[@p\\\r*\rb5\\m\'V_\\\36\u\*\y{P@\0\N\מ\諭0\\S\\\Z8\nm\'\p\:\Ek\?^@na|<a\k81\\\3\P~xkϽ	\\"}9FE\\\l\]:>_\\\B|%eri\\0Q&A\"\\\Ȟm<K\\>\ l\盿\\\\\mjw<\=|?\3hW=E\?6:gg3\3\wp\\\\A=\e	\\ohoV`y\3\\j\ \Bm<\\,\؇h\yB\\a GQa\zΡ}\\4\Mg:_\\m\c&gRq2\o\Zg^!_\fg>Nx\)\oXc-j\B\!(&{\Eo+G6Kg\\F\JcrA\\\g&4!\ҜWɀ\RV\3?\4\"6k\MS\!dTouL6x!\\iҥI\h\X\\ߓ$NhBN\\Oz\ő5sAH+\P\a8{썳-\<\\+^6\_N\lݶ\\\Z\\\\F\0\%!qh\\\0OЂ\ϲ\ZD5\ȜNkF7\[\ɳ\Z\G\AB\\\\\\\\6\p\i/n,\\\\r\;\	\\n\\OS\g\\͞d\\JbEB\0Ck\T\0PJky\\\\\/\\ J\\\Zޮo\G\*\a\QFC:Sv\{\\U\7xk $v\\1p\Z\\\?<:Йt5\!\\Q&m\'\\0g\W3\:\F1!\ATJw\Z\\	\\\\ \<߾߶\tH!j@Ե\Ӽ\\\k\"(Txuul\Y\I\\\w:\'\A\v\asT<ac8gcp\ը\mX\m\\0N\\6\"ieBᵇjW/	[ʥy\\\6\\\xj;\::\c\K\ogxF Y1\W]QQ6W\r\\Z<Dk5liŬGf\\m\d?Or\Ƞ\X3\\,&q\\g\\]4/_gy\qBR\@q-Cǂ%\¥T\e\WU8稷\\\~xC\#\s<\m\n~p}C\\A;AÈ\bޞHo^x1Љ\\ \B|µ\0C;4c*#\|\[9z\!`\=\\& /Ls\\ao\\o&\3\\>۴\W㥋a\m>\\\\ߛAu^\\\\{xA\\rk\\>\&k\\xGB\2*\o\m|zCy\\ϳ\\\v\;\n\"l\0/OWfˀe\'\m0>\l\\^`­;\\Оj\\˭\5Ah\\\|\zu\3\M\m\\\\0m\rkE[\r\g\\\lv\\\#p\D@IBrIbrseɒ%\H (>9Zk\Zgז={6%4uJ\r2	rϓf\"\r\oQ!id\CK\ai\\\츾i)\\ ]._~5\\8\%\lɗ\z.\+\\؟\'\p)=tK\*%CFE\\\\퍳-{?n~8BT\kI}6\r>CS6\~zy0{\'B	clx\1\j5t\\\I\f{\f\i:?\\o\R\\>q>\%4<x@lrt\V3YO\Z~ ~w\ \\!\iO9\\n\'\x $O)\\\9\\a\ \-\UX<\\e;X4B{V\PsÌ\\kX\-l@@WH\\\a!O1D3:\\\Zsm˄e+޸y\\y/\{Y\7st\B\	9븦m\'\\\\{\x\jv\\续B\\/\n@\\x[C\<\\)ṣ	\\8>O\\r@Qx\x3p鬃\c|9\(i\\WxH\\/қ9\\Z\\go̥L!\YvxB\s\\\q\1\r\	1#\n\\ \B\q\tL4k!|\\\\3}\FE ,9wINXeg\+`\\3*PX\r!k۷_A\Ǭ\\ېY\\ Ɵ\\\\/;6%\C\gzU\[\&u\n\s_mB\\2ڟt^2<\\@ \to^Ji\wׇ7s_6ML}og\k׉?-\0`\^}\\/[on!\X\\q\ϳ\\\^h\ DX\'\.\X<e繁\	篽\\\\r\\t<\[{f\C}Yf_\?6+gvE\	erTw\\ҵ۹Ymɀ+\\J\Jô\X\n\LޟLO\\\DI \0:د{3\X\f\z\'#Q5Y¤ǬKE)^Jne\h$e\TC\+1\t\\ei\"c~\\0^\\I\\it\:n8.\Hú%+֘3ub;޴a,0\\mH˙=\\3\\'`m\bVL\q\\zn\\U+\u[H9\\2<\0\\\\\O\w\[\Ft3aΆ\Z+}Q^L,@\!\p\CfFx0aG\2\\"F\\^2\.\}\^\,~\b\}ˍ\!\\3~$;\vw9Λa_>\ǹ1SB<	\n\\.P\\\O6.\\ֱ\\\Q\<I\C\&\@\`4\WÎ\'\B\C:\\oޔ\3\\\Q\!`\o\1&:8\\=͘l\\\\"\Ar\Xc\\\'\\C]O\xӎY\\7\dB,\iqUO\6\8]\rk\`\\$p=e\m\\x\\E\\`t(]4K\w\tsL aL:\N\Z>1N#\FLG\/N8N\U8i\\7\zGx[bPv\N\\\1\p\;ʓ,HǤC#j\ 4h\\L\b\\0cx\sw\\Zad6qmẆ8\\Z8l\\r\:b\\\sͣL\Ʃk贊\\u*L\5uL@\\\'\	\pWt\!\\cZ\Z匘s\mp\UH\i\\\\\D\n0ƞ\\\~\i\\4L\v\\N?bl\7U\3\r\K\QYX\\=A\ꀊ\h \@H^|:E4\͂.p|\\\۾\%]\Y\l\ނ/\,\Ξф[\E\q\\\/L|ki۪\V=\\\+\\bLN1\"\00c/`+\\\ϳ\}#\m7`\Fb\nxh\!MBۏ&MHk/\\h\y߾\3[gf,6\-	A3l<\t\\ĵg%\\\t\\ϩ\0^0x:L\"\Mc韐ԏM\\\#\0g|\~%\\"+zE֚\y\B~a\\U\Ɲ	B\rK+,\\$\l\>%\x_\\\\\	swM8g5\\\uM\\\d\\92k\7f;/LjT\	1\O.\\-?Ig\mv\|fɔA*{VzK>8M:\N!}	O8\\Q/<o5L9czٳ/\\res^ (XN\n\0lk\\	\BS6\s\/{L)ơ\3mDn\y\e\=|\n!\e\\A\m\3ƼA\\!	VLa#@\ڣ\Oo\hc{ӯ\F\39bvNt1~53cb&!([ \X0\eǏktΚ-\';\y\YA\)ֻ㲊\o\lcvA\c\a\'\wQ\P:\u\8ۺ)[\RM0Ed\\.Ҭ\3*6@\\@\0\"3\1\\Љ</\7\\lqD\\ѨT7\	a\=,#\ZN\\;u\\\Rag\QAsD\&|*\\\qm\NƬ_َ.i\'Q\I\߫l;ק\6\ϛ\k\C\Йa):\kf\2<-0\r]^\6\!Ddh\r\ʌP.ƙ\E\PӓMW]ǁ;BfH\*\j\\\\\\\\nJP\\\C\	\p\ \"40靟\\Z\\o[tj\\ĵ`-cڔfB\0?\lm\ʈq \Zw\7\pF(#\C\wZ\\r\\\\Ƙ:\u\\nI9mC\=8킿\\[v?l\`\muM\е\2\\3#\`%D]Smc\A\0\\\)9\\\0\U\\rC\\to\Mo۾\\DH$&)\0.\Z&\@;`\rbt۞#F\Ž\l\\\O\_hc1&\>\k3\\K\c?\k8.5؛\IQ\'I6[4q?\Br<\\J\Cx@{b\\h\e	!\Rsr\\^8ˎ\\3\&A\<\k\6\\wϫYX\b\ 1G\fg\3ޢ|xs6ق}\'G\\I$	<u\~ߑ\\\g/\`\}\'eK\\ᘷ\+\\\\\'x\\\\N$\\\[:J\\\=OA\\Ztn\\n\Z}wi#gfx\=<iJf\n<jbXc\\\b9LOo;X&xP $\7\\ns/\C\Z\rn\'O\\G\l9\\\\8?xeKbк9#Mʍ\5ØPѴ\\\X\i\j\'i\\\0![\&ZQ\a6\\7aj+\\m\O\ICvfUgZA\\\4\wk\D=³\\z;W\\\\\^3\\zn\<ןӻʝǿ]Fo8o\\\\@X\\=\>e\\Nﯮᙄ:p\\\ݯH\\\!\Mh-\*r\x\\\3g:o\\vb2\N\\\n\\$\\+ټp\"-\\\nϽ	}\\0B mB_X{Զ\߱}=ϰ\\e֍z\wo\3\&>^\\m[h\\]QF\\X!]\M\|\\m={ܿi\yxw\Z.\a\\\\#dB\-*\?\\\0+\}eόH \xf\1ͼ)\6~tx\\\\r\nh) {\ {\C\c\Za<Ns/\mގg:.\\\O\aĈG$ބx\0\0@\0IDATձn滟̛q\\GO\\\\=u\Do\ۗ\\L\\L2x\\\6{;W_ezxh ͗z\{=\w_\\N\@X\\\\\\\-\.#ݯ\\\^ò?8\\~\\z\|}Ϲ>\sݶv\i\Lsǲ[F9ׯ޷\somBpey?\\4k9\Cg|=ϐ&\\}\\u\\\\_{\K\u\\\!ynq\\\\w2p	@\#@-\\)ψH\0\iR\\ \\Z08f\l\~ [\\Z!bY u<o\\\\\$@$@@\RB\H\j\B\0\9ñn\y(      sg\"L\n\s&		\0	\0	\0	\0	\0	\0	\0	\0	DN\\"g\HHHHHHHH\0E0ɬHHHHHHHH\"\'h^yV$@$@$@$@$@$@$@$@aH\"Z\dV$@$@$@$@$@$@$@$@\0E\Y<+        0$@-a2+        \I\"Z\W	\0	\0	\0	\0	\0	\0	\0	@0	\0	\0	\0	\0	\0	\0	\0	@\$@-r\+ϊHHHHHHHH 	PDC̊HHHHHHHH r9\gE$@$@$@$@$@$@$@$(!LfE$@$@$@$@$@$@$@$9	PD\ʳ\"       C\\&\"7۷o\\7ܫ-߽\\z-\:.&p\\my\V\\\~;ܺu\sn\e\~!\0\ɹKI\\.|,y?\LC[\{\\\\k!-\\\\\_׮4y\]\ܿ\k\\\ҕe\රӻÝֹ|Sn?lW\}Ous\\\\ܶG-op+/\\ֳ/3\5ͣ\\r\|\x\zE`e\qq\HH @T \'\[d\\\!=Tz}%\\\,]V~\Z\\-KV˔ٳx\9t\1{I\\\\\m;d\\\Ν&ݳ\>#f\*%\(\\\dѲU\*@%\ʑUJ(\I3P\E\lۢؼq\\\BR|4\s\\\\"\:\r\Z\\II\!\Ǝ\\E\C\cƌ!/\\ʗ-%Ѣ=k\#͕\\ז\.{ң,)S$իg*\l\*\J\\\▟\ZaѢErK\^#MǶ\Lz\Y.X\n\\\nQy\9\,\ѹذ3R\Z\Ѱ\\3FtIbRs\?[dH-qc?f\\k\e1\\\^E\Cz\n\OqcK\\\BKtG\\\\%A8A;K\tnQ\'ȶЬp^SV \禟wK\B]\6hiTM=/̏\\\5\B\/\\z}R$o \BR7a]\\\V:R0]Q\\\z\O!-2\q3I\E|瞃Һ\pyjiP,<\ \|<pl\}\5I+kē\\\¥+R\6IQ\\o|M#\>\>wQ>\8H d|ڱ,\kv\\]\\\bD&e\\\r\1\\*4W\\`G\4[IjC\Q|ڣ#Y\UoV|\'#d߂gA}\\dc&M\eP\f\\d犣\çx\{>~\\yݷ\ME!\2\e\\v\6?;%jS\nD9̿\} L<tk\dH\\\>\\M\v{\vR\\;\62g\:v\ޏOK\,\\\r$nX\\\ҩX9u\I.\Kү\$Q\^q}\;M-\\'\5\}Pf/V˓V*.X\e  \0A{J$CO/\\|G^HD߸^\ɬ9\!o&\Q-\\/Ixqݛ\\o7\V\n\\#ysj:A8(\V}\Wɒ)\\P\,Xlĸ\E\nH~?tD\/Z?\J\\=yÓm\qɛy\8E\\l~\)\c	\\\n!ɈN.63hE\K:5\\ݻr\\iYv;IEw%^\8&\6=\=x|d,^Jſ\s\c9\\r1p\1&yJv\\#k\}\'I$\4\<DN>#\g͕M\\S\ɻ\[=\"	:q\mו\v$2jGaͷ\yC<ѫd\\Jq\Z\FdE\\0;P\\\?P\RՋ(\Z\\H\\=;4:\*;,\\\1\&\\\\\z\d\\𞭃MڭM=IJ`\J\\k˽\_4\!lؼS&\$/j]8ǈR˦v&]Us\\,yӮ\h}!r]f\SŸrÏX\\3\ז\;$=MV!T,UH\a\\ub+I\0\,\KIMmزS=O\\{I\qM\\\\5cj\6\\eP\'c92_\*\7k\rT.[D\.Q\\"WߔʍH!\`m?eE\\\i\st\7V>\C\>޾,Y\\1V\\\\K\\/%_,r\\_FX_TWxM;Ih\\\mo\y\c!u\\rҲ;R@\+]	]\GB\\\#-/30st#nA\t\4ɞ1$I_v\]~\R2\=v\ii\i ؗ4P\n\\&w\>\7z\r\\\bq\7M^zA:\,̹Wn\' \'\0E\'\y\x\\&ZR\\\\؟A\h\M$q\"M\r=\/ׯߐ-?,E\3\]5sk\)S6\`kT\\g˹\\0m\\\\/2\\\\>m\\\\\8~B^J\\`{\\\\\^K&9VVAV\n\-\\m;~?O\d\\\Y_i8\\\S\\i\\E{6\X\\\,\ڼf~Y]i>\\~\U\Z\r]\)WTW\tl\c<Wҡ?N\R;\#\\C䅤	M\\'v^\y.ft\վyc0\}Sg/R>nU\t5\.j-n\]x^K\H\\Xn\S\\\\\󦆊\Ѽ\\\z*X\5	os{\_b3x,\\\.Q\5i\AM\}뎽2x\,\EN~_\ ^AM:\rg5\\rt.?Q\\ڎ\9~\l\7I\Es\v_xDRE\H\\zx`^LX:xWm\'>5\7y\k\WjVx\x[vB-jҠ>\u\\\5w\zAg2)\f>9r\\UoxO?\tlֶ@SM}BDވ\)\	:\)\'k7}Z6*\\甚\?	tM\\Iqz\Rd\\\\2O[\\\k\k\(\z\\ċ[JK\2E\fxG[\nrfN^Dk\U\**YcR \+\m*8H\~m½k\\*q\<\!6SQrdNl\\\F\#\\)k!_\\\y_\$+\^\\9y\\Ҧa5=\Ynh\\\3\\QN؜%\V\3xK.]I\~\x\"uhRK\|\V܅ 5{I4@xE\\J8I2\F6wZ\Ǵ{\0}\JI\"^\\ɒ<o\-l5y\~\:\\\NO\2\0\\\\URL!g\\\Li\\H翵k\Jj\nÃG1}\y<H[ԫ\"\z6^tFOg\:\OmUzm\3kY\Ek͵\˾\\\Z\(gXz\׬\!\\\\y\\r7\\弇\ݙ]oٳ;<\r~>\\\{hti\\\=\WK̵\\M\\\yK\#o\r^u?Rsk\\ּ\\R!q\;qxNvn^\s4\\Zp\\nq/ %K\\i\n1}M\\\\c\HH lM^̅\"<x&}\G\\\"7Uz]e+\r\\f]<\fWܹsǄp\\4\BB,\\;`\\rfW/\Λ9zL˽\\B^psa\O&\,m۱˓\\\ò\4\\\\9\]xIN<-)UvY;\r\;<\8?6\\魼\X	\#/\\\v]d\\i\\\Ȉg\l\|\\ōK\|9^2*\6(xɗC\u\\}F?Ζ݆\%\2h\L\r\'.\\*fMg-\\;\Б\Fq/oW#Ӽ\Yn\=\\z\0\\\0B`S\\"n\5bl\\\\\ߵ\\|\f\\"ydڈ\\踜\.D:t ^\\ܔB\\\˦N\\\\5}\\\H\0\\Z*>&!67\2\c)V\U#4\{aizj\\'64\]\7)u\\_滿r!tnįf\t0^+;\e\{\3\]Ѫ\#||16:;?{O,\i=e)\sB\U\\\'*hV\\8`\K\p]YC7\\\t\Q-TyK7kl\2q\bi~u0ܾ\4l\\\jYB\qSP\\1ƈ}\\\g+\\\\ZD^\\5\k=\\Wl_\\'k\\\r\_~cx\b\r\14\\m\\\Zۿ\\>dl\Yn\!\B5\Zj\ui0\\\\R\B:\9/\'\0y \\I\j\,a\+Qlܺ\\7\cLiS\ﶓ*\w\n%\N	\\YKqF\0Gƈù&P\\{2\X\\i\\cȳ\_9<\\\^@;0M\lX\a}\\?\}\\^mT4?iV\.t4\\T`K:p~\\\uQ\Z\Z\ah=U\ߥAbc^q\\\cM9\I\\\\KZK\\/vz\f7\\SUm~\r:z%+I\\m<\`?Y\M\_{&Gx\,Wi\{p\ڥx\~l!\U\\\\n5e#6sT\/nf#\0	\0	)a3#J`\\9\\r\\\\QVƛ=3VRC,K\i%K\㭾\r`Iq\m\FрЋرę\\[d13<\6hΜ;b\\zxg\}=g\e\,ksE\)\߼y\$۷w\\2ŋ\\j\\O\ͮϜ\ƘP	G`\0#\\nϴ+*89J\+=t\\\\H\	1	ވ;KK^Vc(z\niRH\csP0YblQ\hWMdJR\\)o\\`myBpls\C\84\\\\}^	\\c\t\\\'qb=g\\\6\P=\\"\dC\0B9rGcp0l*<TG\*x\Ё<vvؓ?Ҕ/Y\lC{\-\;:5\k̊>\aL+x\\"\rj\" t;\\#ު[\1\\hd\\ʵ|\f\a1`t-,np	Ac\F|%er#z؎\C^\\\0KBM!&`\!x帯)a\\DEC]\W\0·\|Ҷe\\!\\\\:\̅U)\Y\ަTm\\-\\\\\s\\\Kf\*\[XE\#\W#3M\}\%\8\\Bg\۵\\x\\kH\\X.0(^h^)Y8\r\\ng\\@.-\zu+Jߑ\Ma\YnE\0/P](\'Ygǆ2\']a}*7\73~ڍ*\YnP\+{\C齣Bl\\AEJe\n\H$^kk\CbDf(;\*+La\3Th{	L \ ᚇHբ5\^>v\\Y\g\c^\\0\chG\&s\nǭ\vq\n\ў:\\`\\Z.y\өzjB@r\Z\xLO\\C\'\œ*\k!g=@mH)\\io\?c;^\\r/,\\lۯwՋq\\\{P\\\$>\<7\hw=G!\\k -\{\V\\]m\9nr)篽C^p\,\wh>io\_\o?\\MXG\X\\aL\l_1\\&\f6\	\0	@8YD%3[food\ZF\\k\^~\_ʓ4z\_w߄#\\\{I4\r\oQzxF;\as~pgQO\'\x\\Ze\\:\&\&\B\E:\A6V\ȚYbh\\j\i\r\R\;\]z]<y\\\ce0\+\\q̦M\4Y\Y5nkx\X6]dĵf\ra!5;NMC՜\\\SC\أ0AxW\գm}OMPMx\Xs.#\f\\G5e\!\0᜾\Sq/h\\\\0\N\=#M\\\Yɝ=g_^͖\xnX\\*Dq=cY;Vt\A󝆉 \\}5su;\\~{3_\B\={ԨQdq\\E#\\\\Z\\\\w~؎qy\\ם\\볺=|!7\X=\n\AOhݡ!\r\ N!\\W@\\`o\5N\\u4`\\^\Bk\\z+\%x|)9VHE$I\|\\d\\Opy`ᕯj\'*]pi\\Bn\.@VQ҆9c?\3Xv\Z-o\0`\0|س\F\Aؿ6\ep\U\\92Ȁ\f<\ō%\XghZ\Z\z\r?&\\QUoyYè\(ˤ\Ҳ\\,Rɻ-z\n\a\hϳm\0ėu\;\\\r\jy\z\^\0CX\\0<\\	oApz!<!#T\rdQA!\da\`\Is\\^Υm5o\/\\\+tѦMB\'9v\\ih\r\\\3^i`gk\p]+M/\`\}	!\\^\O\%\L<m\0	\!h1\0M6\0\"z\?\rx\:\ve\}q\I$@$vr<	D8ٲd2[kep=jD-[mW\\LGb\P\\:fv\\\ZK\!t\m\r\pn7à\&@xTùB8Wܦ?\\\w5+#r\޳\\d\-\\Zv\0wW2~\@o9:\\s1D\1\U\{OE\:C\=y<jy=\\0޺\\D\t\ix\\Yq\>);Y\^\G\\5^\72^]˿\b@\\~0\Z񵜖\\;k0XnK\ \=\Iw\2\&\8cg\r\G\Zi\\	n0\\cdL\Y\\\!>\s\\;\.\Rx\\aNKrrS\rʷ\1\=x\$Lϝ\\\r=.Ƴ\\\Z\\_9Vm\ʉCz-n\Þĵ\.M\\`|:\=Kx\XC+\\"\n\\̼\\n?gT f\\\\~;\ށpTkL1\\69\\\r(<\nQ^\o\'\Zm#ƞYo53`!)0ouY,,8\7;A:m\0\3cjUV\;k\s\\Pn\\\/\iU\|\0\ׅY\\'s\q\\T\	\f\DO4w\A\\nfVTf\Ƴ^\N\W^\󢾊c\r}\\.ƃ\\\,^\19\<k\0\1\\0|\:z}\$&́\\\8\\\ܾ\N$@$z\Bό{!\^`0}PO̾9\%r\E#\\ϓ<BZR\͸j\2Kb }Od\\Z#Hy\P\A\\\'\\\+ɩ\g\Ap΅KWJPRg^\\m%\c\Z1o\\/L\j9cmںMPVk\<[\pDH,&Z\0\o03qb\&@@G\\岆BP\LxÞ\\87_嵩0N\^$C\',\\ bױ\2:p<\\\ra\\\A4W-xos\N\B\\w\\\aHU\ee\\Q\0d[ZPoΈ\ֱ~Pr\fE0\81\aE\'\\\Cc\\ZʅR:Fڿ1\_A=\\ƸH\\\ͮY43ayӶ\fV?|w\G9\\LY`BB^|B}Cbre6\PX\\X͆\ԁqS\md\ϓ\\\5e\\\J8w\\\iƋ\zk\\\\?\\P\0\\k*EW~o\aމt܃\c{D&]!q_둧r \N!CR7KtF\c\'\.1Ҏ\\\i&*W\sV\!D\r#-\]y뻠:}\c\z\\j|yc\\\V~PÁcf\Z\=VC;!bA\\w_\\\d\\'xS-v|@1;B)\\aL*ӆb_k\g,6g\uH9\\Ѿh^_\= x0ǴQdCo\\p¾\m\\2$\@*Dx+(\\\\4m \3o\8#B\\P70o\0\\G~.t\\5\\\#c6\1^$\T\\DX|j\Le1\p`Hyc\np߂3\\\kP^\m2a\z\\d\\\\\4兰[yO\P_.i\\<\@p\1\\'\Ά\#b\I\^pʜe\yֱ7}HH\\`8\\ǽ 6\\y\iR\ӛ\3\lY2j\\^\0լF٤L\\f\"\\rj˔_\\)3\:t1HY\Y\\\\ *6MO\ef\\(Q\\ ~\'<m\f\%&LaG̈́B4D\ܼ0B`\(֨^-\\\N\rf38~>qٌcU`n\}\	˗E\Vy\a\\\n\|\\	Q\kT.\"}\h\\.#	\<c[6} \\!aN\b\\\&|0/tf\\\0\o\hc\\\'I\\pf؄\fvNt0#53+ccfp!\\\\\&\\zY\!FBר\[\\)a\c\X\\\:tqo@L@\)A\כ\Dbe\\@DȤsFAlc\\\|\Lf/l^e\raU8f\\XZ8f{)\\?g+\1\\\\\n\o\lc҂W\Y\wP\r\ؘ孫\)\\P\0\z69_\G\M	*@!\r\\\\p|\i>%It>-b\(\$\\\\0mcl%\m,c\!\\\\\6\;H\\wb-;xx\}GvʁkBs<^\@	n.\gZ\4gs\\o\r\\\\"-\+5\b\A\\\.7Ң]Ya5ӎY/\\թ\XB\0Y\jvp\ܣNʁ\\`mе\\BQh`\\6{{\\Z2na\1F˸`M\TP趙Ӭ\?\\}=\N9\\r1!\b+\ɧS\RMۉ{k\W/kWLxq㩹\r\>\9Z\\c6a\aO>\8Є\s5NjCذOZIG\ퟝcb\\9Da\^\\Z\pV\\7\<1\G\\\|\\}G̀\{\3C\'\{\Zg\r<\\m\\\ʏ|wƂUF7!&:k\6؞+}E\.\_{BXC\\\L\Hq\\9^1V\\&(?;pI\4A\\͝\$@$@Sׯ_\\\\\c~s)2\*5ʖ(N屟~T\\\\\\rF\<0<nhB<\\0& \\,v\\e\D\\qt%;\\Z\\	$%1bĈf:\(?\Ɂ\ė\VA\\<vƬW=O\7Ho\r\ˠㄐ.xQ\\\6=\F\\k=\\"\\Z\ p8\!\w;`M\ZBri\\W\ަ\r\\'\Pntܢ\r\1vos\\wWl\Y\\iƣc;Qhʃ\\Ə\\nNhv\^FB\\\\\Û;?o\\:{M\e	ud\\r2\\/\\x\ \>\VX6x\\\a.O.\\\v#O_\\]?;\	C:XH\\\\?X\p򀐉0 <Sq\\qm\n\rm_Z\\n+?\\1\l\+lǵk\^_v|b=\\ 9;w!j\r\o,7\vx`\-tnM9\;\\\m87{s\_w[<\Qcy3\{\\\\\ڦ\\\\Z\\\q\#n2\:;\3\\\\>q\@\\\-\\\;\+\\\\^\r\+-`\|v?n6\r?I\M`\G4;~䐔T\ZP6(\Ƚ\"Z8\/Ep\C\0	n\\\RLi\ 㱅N(\98S!-t\lZs:r[\"\+\HH\"1hrT-\k\U<  \L\0a)g?\\\\ZA<2B[\Z\6I3\O˾>\:_Xz߅L\\ۮf_I1hݨ\\Z}L\3[   \\'Z8V=\\6E$@$@$@$@$@$\!@OLUIATO4;	ZfB$@$@$@$@$@$@$@$@\0E],=	\0	\0	\0	\0	\0	\0	\0	@8y        M\"ZĮ?HHHHHHHH PD\<	\0	\0	\0	\0	\0	\0	\0	@\&@-b\KO$@$@$@$@$@$@$@$(dHHHHHHHH b돥\'       \\2A$@$@$@$@$@$@$@$	PD\\\ғ\0	\0	\0	\0	\0	\0	\0	\0	h\\0        \(E\c\IHHHHHHH\0Ep\C\0	\0	\0	\0	\0	\0	\0	\0	Dl\\"v\$@$@$@$@$@$@$@$@\@\"Z8@\!HHHHHHHH\"6hXz        p @- \$@$@$@$@$@$@$@$@\0E],=	\0	\0	\0	\0	\0	\0	\0	@8y        M\"ZĮ?HHHHHHHH PD\<	\0	\0	\0	\0	\0	\0	\0	@\&@-b\KO$@$@$@$@$@$@$@$(dHHHHHHHH b돥\'       \\2A$@$@$@$@$@$@$@$	PD\\\ғ\0	\0	\0	\0	\0	\0	\0	\0	h\\0        \(E\c\IHHHHHHH\0Ep\C\0	\0	\0	\0	\0	\0	\0	\0	Dl\\"v\$@$@$@$@$@$@$@$@\@\"Z8@\!HHHHHHHH\"6hXz        p @- \$@$@$@$@$@$@$@$@\0E],=	\0	\0	\0	\0	\0	\0	\0	@8y        M\"ZĮ?HHHHHHHH PD\<	\0	\0	\0	\0	\0	\0	\0	@\&@-b\KO$@$@$@$@$@$@$@$(dHHHHHHHH b돥\'       \\2A$@$@$@$@$@$@$@$	PD\\\ғ\0	\0	\0	\0	\0	\0	\0	\0	h\\0        \(E\c\IHHHHHHH\0Ep\C\0	\0	\0	\0	\0	\0	\0	\0	Dl\\"v\$@$@$@$@$@$@$@$@\@\"Z8@\!HHHHHHHH\"6hXz        p @- \$@$@$@$@$@$@$@$@\0E],=	\0	\0	\0	\0	\0	\0	\0	@8y        M\"ZĮ?HHHHHHHH PD\<	\0	\0	\0	\0	\0	\0	\0	@\&@-b\KO$@$@$@$@$@$@$@$(dHHHHHHHH b돥\'       \\2A$@$@$@$@$@$@$@$	PD\\\ғ\0	\0	\0	\0	\0	\0	\0	\0	h\\0  _v\0\0EQԠ\G\A\R*ؠp\Љ\8R㼑$@\0 @\0\F\IO\0 @\0 0 `D@v\0 @\0 @`mw\ @\0 @\0\ @\0 @\0\-`D\ݟ\ @\0 @\0Fd\' @\0 @\0v\v\\'= @\0 @m\0\	 @\0 @\0\F\IO\0 @\0 0 `D@v\0 @\0 @`mw\ @\0 @\0\ @\0 @\0\-`D\ݟ\ @\0 @\0Fd\' @\0 @\0v\v\\'= @\0 @m\0\	 @\0 @\0\F\IO\0 @\0 0 `D@v\0 @\0 @`mw\ @\0 @\0\ @\0 @\0\-`D\ݟ\ @\0 @\0Fd\' @\0 @\0v\v\\'= @\0 @m\0\	 @\0 @\0\F\K\\\\\\_n;J\0 @\0&.}=\\<^\-/χ\\\疏 @\0X%p\.}=\\<N\\7<\xߗf @\0 @|\;\N$\"@\0 @\0	\bC\0 @\0 \0\:\0 @\0 @ &`D\" @\0 @@O\\D\" @\0 @\0-V8 @\0 @\0=#Z @\0 @\0bFX!\ @\0 @\0\hN$\"@\0 @\0	\bC\0 @\0 \0\:\0 @\0 @ &`D\" @\0 @@O\\D\" @\0 @\0-V8 @\0 @\0=#Z @\0 @\0bFX!\ @\0 @\0\hN$\"@\0 @\0	\bC\0 @\0 \0\:\0 @\0 @ &`D\" @\0 @@O\\D\" @\0 @\0-V8 @\0 @\0=#Z @\0 @\0bFX!\ @\0 @\0\hN$\"@\0 @\0	\bC\0 @\0 \0\:\0 @\0 @ &`D\" @\0 @@O\\D\" @\0 @\0-V8 @\0 @\0=#Z @\0 @\0bFX!\ @\0 @\0\hN$\"@\0 @\0	\bC\0 @\0 \0\:\0 @\0 @ &`D\" @\0 @@O\\D\" @\0 @\0-V8 @\0 @\0=#Z @\0 @\0bFX!\ @\0 @\0\hN$\"@\0 @\0	\bC\0 @\0 \0\:\0 @\0 @ &`D\" @\0 @@O\\D\" @\0 @\0-V8 @\0 @\0=#Z @\0 @\0bFX!\ @\0 @\0\hN$\"@\0 @\0	\bC\0 @\0 \0\:\0 @\0 @ &`D\" @\0 @@O\\D\" @\0 @\0-V8 @\0 @\0=#Z @\0 @\0bFX!\ @\0 @\0\hN$\"@\0 @\0	\bC\0 @\0 \0\:\0 @\0 @ &`D\" @\0 @@O\\D\" @\0 @\0-V8 @\0 @\0=#Z @\0 @\0bFX!\ @\0 @\0\hN$\"@\0 @\0	\bC\0 @\0 \0\:\0 @\0 @ &`D\" @\0 @@O\\D\" @\0 @\0-V8 @\0 @\0=#Z @\0 @\0bFX!\ @\0 @\0\hN$\"@\0 @\0	\bC\0 @\0 \0\:\0 @\0 @ &`D\" @\0 @@O\\D\" @\0 @\0-V8 @\0 @\0=#Z @\0 @\0bFX!\ @\0 @\0\hN$\"@\0 @\0	\bC\0 @\0 \0\:\0 @\0 @ &`D\" @\0 @@O\\D\" @\0 @\0-V8 @\0 @\0=#Z @\0 @\0bFX!\ @\0 @\0\hN$\"@\0 @\0	\bC\0 @\0 \0\:\0 @\0 @ &`D\" @\0 @@O\\D\" @\0 @\0-V8 @\0 @\0=#Z @\0 @\0bFX!\ @\0 @\0\hN$\"@\0 @\0	\bC\0 @\0 \0\:\0 @\0 @ &`D\" @\0 @@O\\D\" @\0 @\0-V8 @\0 @\0=#Z @\0 @\0bFX!\ @\0 @\0\hN$\"@\0 @\0	\bC\0 @\0ZIV\0\0\"IDAT \0\:\0 @\0 @ &`D\" @\0 @@O\\D\" @\0 @\0-V8 @\0 @\0=#Z @\0 @\0bFX!\ @\0 @\0\hN$\"@\0 @\0	\bC\0 @\0 \0\:\0 @\0 @ &`D\" @\0 @@O\\D\" @\0 @\0{F\r?\0\0\0\0IENDB`',NULL,NULL,12,1,0,0,1,1,0,0,NULL,NULL,'sdfgsdfgds','2020-06-12 17:22:39',111,NULL,NULL);
/*!40000 ALTER TABLE `goods` ENABLE KEYS */;
UNLOCK TABLES;

--
-- Table structure for table `goods_attr`
--

DROP TABLE IF EXISTS `goods_attr`;
/*!40101 SET @saved_cs_client     = @@character_set_client */;
/*!50503 SET character_set_client = utf8mb4 */;
CREATE TABLE `goods_attr` (
  `id` int(11) NOT NULL AUTO_INCREMENT,
  `shop_id` int(11) DEFAULT NULL,
  `goods_id` int(11) DEFAULT NULL,
  `attr_val_id` int(11) DEFAULT NULL,
  `price` decimal(10,2) DEFAULT NULL,
  PRIMARY KEY (`id`)
) ENGINE=InnoDB DEFAULT CHARSET=utf8;
/*!40101 SET character_set_client = @saved_cs_client */;

--
-- Dumping data for table `goods_attr`
--

LOCK TABLES `goods_attr` WRITE;
/*!40000 ALTER TABLE `goods_attr` DISABLE KEYS */;
/*!40000 ALTER TABLE `goods_attr` ENABLE KEYS */;
UNLOCK TABLES;

--
-- Table structure for table `policy`
--

DROP TABLE IF EXISTS `policy`;
/*!40101 SET @saved_cs_client     = @@character_set_client */;
/*!50503 SET character_set_client = utf8mb4 */;
CREATE TABLE `policy` (
  `id` int(11) NOT NULL AUTO_INCREMENT,
  `policyname` varchar(200) DEFAULT NULL,
  `uid` char(36) DEFAULT NULL,
  PRIMARY KEY (`id`),
  UNIQUE KEY `unique_policyname` (`policyname`)
) ENGINE=InnoDB AUTO_INCREMENT=33 DEFAULT CHARSET=utf8mb4 COLLATE=utf8mb4_0900_ai_ci;
/*!40101 SET character_set_client = @saved_cs_client */;

--
-- Dumping data for table `policy`
--

LOCK TABLES `policy` WRITE;
/*!40000 ALTER TABLE `policy` DISABLE KEYS */;
INSERT INTO `policy` VALUES (1,'REAL','cfe7071d-61b1-11ea-ada3-80e82c9e4843'),(3,'gfsfer','dab1c2e7-61b1-11ea-ada3-80e82c9e4843'),(5,'brgbrtbr','e5478654-61b1-11ea-ada3-80e82c9e4843'),(6,'btenyerfg','e7a70772-61b1-11ea-ada3-80e82c9e4843'),(7,'s1111','fcdcae68-61b2-11ea-ada3-80e82c9e4843'),(10,'nyyumyu','38e3ffb7-61b3-11ea-ada3-80e82c9e4843'),(12,'gfnfgnh','3d374462-61b3-11ea-ada3-80e82c9e4843'),(13,'gnhfgngnh','3ec09a16-61b3-11ea-ada3-80e82c9e4843'),(14,'tjmthnghn','4132f44f-61b3-11ea-ada3-80e82c9e4843'),(15,'dfgdhtr','3ff2c260-61d5-11ea-ada3-80e82c9e4843'),(16,'nfgn44','46bf46ec-61d5-11ea-ada3-80e82c9e4843'),(17,'fwrgerer','68e13c34-61d5-11ea-ada3-80e82c9e4843'),(18,'bgrnrtnrtn','6b1ffec7-61d5-11ea-ada3-80e82c9e4843'),(19,'ntrhntrerh','6d2e4eb4-61d5-11ea-ada3-80e82c9e4843'),(20,'ntrnmtymrym','6f3a2eab-61d5-11ea-ada3-80e82c9e4843'),(22,'nerntth','72a02e4f-61d5-11ea-ada3-80e82c9e4843'),(23,'nenrthrth','743ba9ab-61d5-11ea-ada3-80e82c9e4843'),(24,'ernthrhh','75d85c6d-61d5-11ea-ada3-80e82c9e4843'),(28,'afsdfasf','bd8293c1-61d8-11ea-ada3-80e82c9e4843'),(29,'sdfgsdg','c0d19f61-61d8-11ea-ada3-80e82c9e4843'),(30,'bfgbgerg','c3385b89-61d8-11ea-ada3-80e82c9e4843'),(31,'May9th','e337db97-91bc-11ea-a432-80e82c9e4843'),(32,'Niubility','ed378d80-9351-11ea-a432-80e82c9e4843');
/*!40000 ALTER TABLE `policy` ENABLE KEYS */;
UNLOCK TABLES;

--
-- Table structure for table `role`
--

DROP TABLE IF EXISTS `role`;
/*!40101 SET @saved_cs_client     = @@character_set_client */;
/*!50503 SET character_set_client = utf8mb4 */;
CREATE TABLE `role` (
  `id` int(11) NOT NULL AUTO_INCREMENT,
  `uid` char(36) DEFAULT NULL,
  `rolename` varchar(100) DEFAULT NULL,
  PRIMARY KEY (`id`)
) ENGINE=InnoDB AUTO_INCREMENT=23 DEFAULT CHARSET=utf8mb4 COLLATE=utf8mb4_0900_ai_ci;
/*!40101 SET character_set_client = @saved_cs_client */;

--
-- Dumping data for table `role`
--

LOCK TABLES `role` WRITE;
/*!40000 ALTER TABLE `role` DISABLE KEYS */;
INSERT INTO `role` VALUES (1,'47274da5-6296-11ea-ada3-80e82c9e4843','zhoulei'),(3,'58e43cc4-6297-11ea-ada3-80e82c9e4843','ImReal'),(4,'5ab73b08-6297-11ea-ada3-80e82c9e4843','5htrgg'),(5,'5d0cd988-6297-11ea-ada3-80e82c9e4843','h5hgert5t'),(6,'5ed6376b-6297-11ea-ada3-80e82c9e4843','etyntryntymtym'),(7,'614987bb-6297-11ea-ada3-80e82c9e4843','vderteruu'),(11,'68ba027a-6297-11ea-ada3-80e82c9e4843','asdfasdfasd'),(12,'fcda1018-629a-11ea-ada3-80e82c9e4843','dfgdgdf'),(13,'0307e48e-629b-11ea-ada3-80e82c9e4843','dfgdfh'),(15,'3f76b1b8-6e6d-11ea-ada3-80e82c9e4843','fff'),(17,'71097538-7a26-11ea-b5ce-80e82c9e4843','RoleHasPolicy'),(18,'805f6e27-8059-11ea-b5ce-80e82c9e4843','Awesome'),(20,'96fd3b8d-82b3-11ea-b5ce-80e82c9e4843','Niubility'),(21,'5e22d3f9-8395-11ea-b5ce-80e82c9e4843','Admin'),(22,'2c2ca205-91a5-11ea-a432-80e82c9e4843','BySrpingBoot');
/*!40000 ALTER TABLE `role` ENABLE KEYS */;
UNLOCK TABLES;

--
-- Table structure for table `role_policy_ref`
--

DROP TABLE IF EXISTS `role_policy_ref`;
/*!40101 SET @saved_cs_client     = @@character_set_client */;
/*!50503 SET character_set_client = utf8mb4 */;
CREATE TABLE `role_policy_ref` (
  `id` int(11) NOT NULL AUTO_INCREMENT,
  `role_id` int(11) DEFAULT NULL,
  `policy_id` int(11) DEFAULT NULL,
  `role_uid` char(36) DEFAULT NULL,
  `policy_uid` char(36) DEFAULT NULL,
  PRIMARY KEY (`id`)
) ENGINE=InnoDB AUTO_INCREMENT=71 DEFAULT CHARSET=utf8mb4 COLLATE=utf8mb4_0900_ai_ci;
/*!40101 SET character_set_client = @saved_cs_client */;

--
-- Dumping data for table `role_policy_ref`
--

LOCK TABLES `role_policy_ref` WRITE;
/*!40000 ALTER TABLE `role_policy_ref` DISABLE KEYS */;
INSERT INTO `role_policy_ref` VALUES (44,20,3,NULL,NULL),(45,20,6,NULL,NULL),(46,20,12,NULL,NULL),(47,20,8,NULL,NULL),(48,20,28,NULL,NULL),(49,20,1,NULL,NULL),(60,1,18,NULL,NULL),(61,1,2,NULL,NULL),(62,1,1,NULL,NULL),(63,1,3,NULL,NULL),(64,1,7,NULL,NULL),(65,21,5,NULL,NULL),(66,21,3,NULL,NULL),(67,21,2,NULL,NULL),(68,21,1,NULL,NULL),(69,18,1,NULL,NULL),(70,18,2,NULL,NULL);
/*!40000 ALTER TABLE `role_policy_ref` ENABLE KEYS */;
UNLOCK TABLES;

--
-- Table structure for table `role_user_ref`
--

DROP TABLE IF EXISTS `role_user_ref`;
/*!40101 SET @saved_cs_client     = @@character_set_client */;
/*!50503 SET character_set_client = utf8mb4 */;
CREATE TABLE `role_user_ref` (
  `id` int(11) NOT NULL AUTO_INCREMENT,
  `role_id` int(11) DEFAULT NULL,
  `user_id` int(11) DEFAULT NULL,
  `role_uid` char(36) DEFAULT NULL,
  `user_uid` char(36) DEFAULT NULL,
  PRIMARY KEY (`id`)
) ENGINE=InnoDB AUTO_INCREMENT=32 DEFAULT CHARSET=utf8mb4 COLLATE=utf8mb4_0900_ai_ci;
/*!40101 SET character_set_client = @saved_cs_client */;

--
-- Dumping data for table `role_user_ref`
--

LOCK TABLES `role_user_ref` WRITE;
/*!40000 ALTER TABLE `role_user_ref` DISABLE KEYS */;
INSERT INTO `role_user_ref` VALUES (21,4,1,NULL,NULL),(22,2,1,NULL,NULL),(23,1,1,NULL,NULL),(24,20,1,NULL,NULL),(25,17,1,NULL,NULL),(26,18,1,NULL,NULL),(27,21,1,NULL,NULL),(30,21,2,NULL,NULL),(31,18,2,NULL,NULL);
/*!40000 ALTER TABLE `role_user_ref` ENABLE KEYS */;
UNLOCK TABLES;

--
-- Table structure for table `shop`
--

DROP TABLE IF EXISTS `shop`;
/*!40101 SET @saved_cs_client     = @@character_set_client */;
/*!50503 SET character_set_client = utf8mb4 */;
CREATE TABLE `shop` (
  `id` int(11) NOT NULL AUTO_INCREMENT,
  `name` varchar(200) DEFAULT NULL,
  `theme` varchar(200) DEFAULT NULL,
  `is_closed` tinyint(4) DEFAULT NULL,
  PRIMARY KEY (`id`)
) ENGINE=InnoDB AUTO_INCREMENT=4 DEFAULT CHARSET=utf8mb4 COLLATE=utf8mb4_0900_ai_ci;
/*!40101 SET character_set_client = @saved_cs_client */;

--
-- Dumping data for table `shop`
--

LOCK TABLES `shop` WRITE;
/*!40000 ALTER TABLE `shop` DISABLE KEYS */;
INSERT INTO `shop` VALUES (1,'Shop2','Theme2',1),(3,'Shop1','Theme1',0);
/*!40000 ALTER TABLE `shop` ENABLE KEYS */;
UNLOCK TABLES;

--
-- Table structure for table `users`
--

DROP TABLE IF EXISTS `users`;
/*!40101 SET @saved_cs_client     = @@character_set_client */;
/*!50503 SET character_set_client = utf8mb4 */;
CREATE TABLE `users` (
  `id` int(11) NOT NULL AUTO_INCREMENT,
  `uname` varchar(100) DEFAULT NULL,
  `password` varchar(300) DEFAULT NULL,
  `salt` varchar(100) DEFAULT NULL,
  `uid` char(36) DEFAULT NULL,
  PRIMARY KEY (`id`)
) ENGINE=InnoDB AUTO_INCREMENT=3 DEFAULT CHARSET=utf8mb4 COLLATE=utf8mb4_0900_ai_ci;
/*!40101 SET character_set_client = @saved_cs_client */;

--
-- Dumping data for table `users`
--

LOCK TABLES `users` WRITE;
/*!40000 ALTER TABLE `users` DISABLE KEYS */;
INSERT INTO `users` VALUES (1,'zhoulei','PNRqDNNzXvv+LbMIFRrwseGB/DMT6ORks6GPPO3/9h8=','o5nC7fpUMID7zVwNvD2Mk5op5QyO6E','14a4da8c-38d3-11ea-921b-80e82c9e4843'),(2,'normal','WeZlrZdXwFa11ZJ4VPgyf92PC03gY3Mhp+MDz9IHdmA=','43A1YlUwW7ZJMb9gYwQzPPr6Hgahar',NULL);
/*!40000 ALTER TABLE `users` ENABLE KEYS */;
UNLOCK TABLES;
/*!40103 SET TIME_ZONE=@OLD_TIME_ZONE */;

/*!40101 SET SQL_MODE=@OLD_SQL_MODE */;
/*!40014 SET FOREIGN_KEY_CHECKS=@OLD_FOREIGN_KEY_CHECKS */;
/*!40014 SET UNIQUE_CHECKS=@OLD_UNIQUE_CHECKS */;
/*!40101 SET CHARACTER_SET_CLIENT=@OLD_CHARACTER_SET_CLIENT */;
/*!40101 SET CHARACTER_SET_RESULTS=@OLD_CHARACTER_SET_RESULTS */;
/*!40101 SET COLLATION_CONNECTION=@OLD_COLLATION_CONNECTION */;
/*!40111 SET SQL_NOTES=@OLD_SQL_NOTES */;

-- Dump completed on 2020-06-23 17:34:04
